id,timestamp,batch_id,iteration,operation,algorithm,sym_key_size_bits,sig_algorithm,sig_key_param,input_filename,input_extension,input_mime,input_size_bytes,input_size_kb,input_file_category,input_entropy,output_filename,output_size_bytes,output_size_kb,output_entropy,ciphertext_expansion_pct,enc_time_ms,dec_time_ms,total_time_ms,enc_ram_kb,dec_ram_kb,enc_throughput_kbps,dec_throughput_kbps,aes_key_entropy,chacha_key_entropy,sig_size_bits,sig_valid,entropy_plaintext,entropy_aes_half,entropy_chacha_half,entropy_final,avalanche_pct,avalanche_bits_flipped,avalanche_total_bits,avalanche_deviation,byte_freq_std_dev,chi_squared
op_20260503_151907_25bd,2026-05-03T15:19:07Z,test_batch,1,both,aes_gcm,128,,,test.txt,.txt,text/plain,1160,1.133,text,4.2134,test.txt.enc,1188,1.16,7.8219,2.4138,0.3051,0.0167,0.3218,128.0,4.0,3712.92,69470.39,3.7028,4.9375,0,True,4.2134,4.2134,4.2134,7.8219,49.611,4715,9504,0.389,2.2439,277.7508
op_20260503_151907_3c59,2026-05-03T15:19:07Z,test_batch,1,both,aes_gcm,256,RSA,2048,test.txt,.txt,text/plain,1160,1.133,text,4.2134,test.txt.enc,1188,1.16,7.8508,2.4138,0.0421,0.0151,0.0572,0.0,0.0,26907.6,76831.55,5.0,4.8125,0,True,4.2134,4.2134,4.2134,7.8508,49.211,4677,9504,0.789,2.0662,235.5152
op_20260503_151908_be2a,2026-05-03T15:19:08Z,test_batch,1,both,chacha20_poly1305,256,,,test.txt,.txt,text/plain,1160,1.133,text,4.2134,test.txt.enc,1188,1.16,7.8277,2.4138,0.0903,0.029,0.1193,56.0,4.0,12544.99,40005.24,4.8514,4.875,0,True,4.2134,4.2134,4.2134,7.8277,49.495,4704,9504,0.505,2.2629,282.4916
op_20260503_151908_44be,2026-05-03T15:19:08Z,test_batch,1,both,hybrid,256,ECDSA,P-256,test.txt,.txt,text/plain,1160,1.133,text,4.2134,test.txt.enc,1295,1.265,7.8166,11.6379,9.1432,0.2722,9.4154,2992.0,28.0,123.9,4646.03,4.875,4.9375,568,True,4.2134,4.2134,4.2134,7.8166,50.493,2456,4864,0.493,2.5095,318.6896
op_20260503_153829_c183,2026-05-03T15:38:29Z,batch_20260503_153829_92dc,1,both,aes_gcm,256,,,synthetic_10kb.bin,.bin,application/octet-stream,10240,10.0,other,7.9827,synthetic_10kb.bin.enc,10268,10.027,7.98,0.2734,1.9927,0.0271,2.0198,164.0,36.0,5018.32,370013.05,4.875,4.875,0,True,7.9827,7.9634,7.9648,7.98,50.306,41323,82144,0.306,6.6447,281.8029
op_20260503_153829_a623,2026-05-03T15:38:29Z,batch_20260503_153829_92dc,2,both,aes_gcm,256,RSA,2048,synthetic_10kb.bin,.bin,application/octet-stream,10240,10.0,other,7.9827,synthetic_10kb.bin.enc,10268,10.027,7.9809,0.2734,0.0594,0.0285,0.0879,0.0,0.0,168350.21,351836.82,4.875,4.875,0,True,7.9827,7.9634,7.9648,7.9809,50.057,41119,82144,0.057,6.4937,269.1375
op_20260503_153829_99b4,2026-05-03T15:38:29Z,batch_20260503_153829_92dc,3,both,aes_gcm,256,ECDSA,P-256,synthetic_10kb.bin,.bin,application/octet-stream,10240,10.0,other,7.9827,synthetic_10kb.bin.enc,10268,10.027,7.9825,0.2734,0.0447,0.0132,0.0579,0.0,0.0,223713.69,759641.47,4.875,4.875,0,True,7.9827,7.9634,7.9648,7.9825,50.211,41245,82144,0.211,6.2453,248.9427
op_20260503_153829_2de9,2026-05-03T15:38:29Z,batch_20260503_153829_92dc,4,both,chacha20_poly1305,256,,,synthetic_10kb.bin,.bin,application/octet-stream,10240,10.0,other,7.9827,synthetic_10kb.bin.enc,10268,10.027,7.9825,0.2734,0.6228,0.0386,0.6614,52.0,4.0,16056.52,259776.12,4.875,4.875,0,True,7.9827,7.9634,7.9648,7.9825,49.942,41024,82144,0.058,6.239,248.4441
op_20260503_153829_73c0,2026-05-03T15:38:29Z,batch_20260503_153829_92dc,5,both,chacha20_poly1305,256,RSA,2048,synthetic_10kb.bin,.bin,application/octet-stream,10240,10.0,other,7.9827,synthetic_10kb.bin.enc,10268,10.027,7.9807,0.2734,0.0617,0.0213,0.083,0.0,0.0,162074.54,470766.3,4.875,4.875,0,True,7.9827,7.9634,7.9648,7.9807,50.149,41194,82144,0.149,6.5201,271.3315
op_20260503_153829_252d,2026-05-03T15:38:29Z,batch_20260503_153829_92dc,6,both,chacha20_poly1305,256,ECDSA,P-256,synthetic_10kb.bin,.bin,application/octet-stream,10240,10.0,other,7.9827,synthetic_10kb.bin.enc,10268,10.027,7.9807,0.2734,0.0474,0.0176,0.065,0.0,0.0,210970.41,569734.87,4.875,4.875,0,True,7.9827,7.9634,7.9648,7.9807,50.047,41111,82144,0.047,6.5099,270.4838
op_20260503_153829_4c1d,2026-05-03T15:38:29Z,batch_20260503_153829_92dc,7,both,hybrid,256,,,synthetic_10kb.bin,.bin,application/octet-stream,10240,10.0,other,7.9827,synthetic_10kb.bin.enc,10304,10.062,7.9805,0.625,0.1109,0.0503,0.1612,0.0,0.0,90171.4,200049.57,4.875,4.875,0,True,7.9827,7.9634,7.9648,7.9805,49.954,20573,41184,0.046,6.6173,278.5093
op_20260503_153829_56b8,2026-05-03T15:38:29Z,batch_20260503_153829_92dc,8,both,hybrid,256,RSA,2048,synthetic_10kb.bin,.bin,application/octet-stream,10240,10.0,other,7.9827,synthetic_10kb.bin.enc,10560,10.312,7.9842,3.125,46.1676,0.5536,46.7212,516.0,56.0,216.6,18628.07,4.875,4.875,2048,True,7.9827,7.9634,7.9648,7.9842,50.063,20618,41184,0.063,6.1097,231.6606
op_20260503_153829_374f,2026-05-03T15:38:29Z,batch_20260503_153829_92dc,9,both,hybrid,256,ECDSA,P-256,synthetic_10kb.bin,.bin,application/octet-stream,10240,10.0,other,7.9827,synthetic_10kb.bin.enc,10375,10.132,7.9819,1.3184,99.8126,0.2742,100.0868,492.0,4.0,100.19,36950.53,4.875,4.875,568,True,7.9827,7.9634,7.9648,7.9819,49.764,20495,41184,0.236,6.414,259.8692
op_20260503_153927_2fd1,2026-05-03T15:39:27Z,batch_20260503_153927_b74f,1,both,aes_gcm,256,,,synthetic_1024kb.bin,.bin,application/octet-stream,1048576,1024.0,other,7.9998,synthetic_1024kb.bin.enc,1048604,1024.027,7.9998,0.0027,1.1289,0.604,1.7329,2056.0,1028.0,907077.7,1695409.34,4.875,4.8125,0,True,7.9998,7.9997,7.9997,7.9998,50.003,4194652,8388832,0.003,62.4278,243.5704
op_20260503_153927_6adb,2026-05-03T15:39:27Z,batch_20260503_153927_b74f,2,both,aes_gcm,256,RSA,2048,synthetic_1024kb.bin,.bin,application/octet-stream,1048576,1024.0,other,7.9998,synthetic_1024kb.bin.enc,1048604,1024.027,7.9998,0.0027,0.888,0.424,1.312,0.0,0.0,1153153.14,2415159.01,4.875,4.8125,0,True,7.9998,7.9997,7.9997,7.9998,49.976,4192412,8388832,0.024,69.2759,299.9385
op_20260503_153928_2ed2,2026-05-03T15:39:28Z,batch_20260503_153927_b74f,3,both,aes_gcm,256,ECDSA,P-256,synthetic_1024kb.bin,.bin,application/octet-stream,1048576,1024.0,other,7.9998,synthetic_1024kb.bin.enc,1048604,1024.027,7.9998,0.0027,1.395,0.6687,2.0637,0.0,0.0,734050.16,1531370.41,4.875,4.8125,0,True,7.9998,7.9997,7.9997,7.9998,50.014,4195601,8388832,0.014,60.0621,225.46
op_20260503_153928_8d16,2026-05-03T15:39:28Z,batch_20260503_153927_b74f,4,both,chacha20_poly1305,256,,,synthetic_1024kb.bin,.bin,application/octet-stream,1048576,1024.0,other,7.9998,synthetic_1024kb.bin.enc,1048604,1024.027,7.9998,0.0027,0.8712,0.5378,1.409,0.0,0.0,1175390.27,1904104.32,4.875,4.8125,0,True,7.9998,7.9997,7.9997,7.9998,50.0,4194390,8388832,0.0,67.1977,282.2129
op_20260503_153928_f3a6,2026-05-03T15:39:28Z,batch_20260503_153927_b74f,5,both,chacha20_poly1305,256,RSA,2048,synthetic_1024kb.bin,.bin,application/octet-stream,1048576,1024.0,other,7.9998,synthetic_1024kb.bin.enc,1048604,1024.027,7.9998,0.0027,1.2042,0.9575,2.1617,0.0,1028.0,850357.1,1069480.3,4.875,4.8125,0,True,7.9998,7.9997,7.9997,7.9998,49.994,4193947,8388832,0.006,69.16,298.9361
op_20260503_153929_f188,2026-05-03T15:39:29Z,batch_20260503_153927_b74f,6,both,chacha20_poly1305,256,ECDSA,P-256,synthetic_1024kb.bin,.bin,application/octet-stream,1048576,1024.0,other,7.9998,synthetic_1024kb.bin.enc,1048604,1024.027,7.9998,0.0027,0.9859,0.7267,1.7126,0.0,4.0,1038644.96,1409147.41,4.875,4.8125,0,True,7.9998,7.9997,7.9997,7.9998,50.037,4197553,8388832,0.037,68.476,293.052
op_20260503_153929_e2a8,2026-05-03T15:39:29Z,batch_20260503_153927_b74f,7,both,hybrid,256,,,synthetic_1024kb.bin,.bin,application/octet-stream,1048576,1024.0,other,7.9998,synthetic_1024kb.bin.enc,1048640,1024.062,7.9999,0.0061,1.4202,0.6172,2.0374,120.0,0.0,721025.21,1659207.1,4.875,4.8125,0,True,7.9998,7.9997,7.9997,7.9999,50.009,2097642,4194528,0.009,56.7757,201.4555
op_20260503_153929_b2ed,2026-05-03T15:39:29Z,batch_20260503_153927_b74f,8,both,hybrid,256,RSA,2048,synthetic_1024kb.bin,.bin,application/octet-stream,1048576,1024.0,other,7.9998,synthetic_1024kb.bin.enc,1048896,1024.312,7.9998,0.0305,43.757,1.9642,45.7212,0.0,1092.0,23401.97,521490.95,4.875,4.8125,2048,True,7.9998,7.9997,7.9997,7.9998,49.988,2096777,4194528,0.012,62.6537,245.2684
op_20260503_153930_137e,2026-05-03T15:39:30Z,batch_20260503_153927_b74f,9,both,hybrid,256,ECDSA,P-256,synthetic_1024kb.bin,.bin,application/octet-stream,1048576,1024.0,other,7.9998,synthetic_1024kb.bin.enc,1048711,1024.132,7.9998,0.0129,2.7827,2.7281,5.5108,2060.0,1088.0,367987.93,375401.13,4.875,4.8125,568,True,7.9998,7.9997,7.9997,7.9998,50.03,2098539,4194528,0.03,63.4793,251.8186
op_20260503_154047_2833,2026-05-03T15:40:47Z,batch_20260503_154047_6b0f,1,both,aes_gcm,256,,,synthetic_50kb.bin,.bin,application/octet-stream,51200,50.0,other,7.9962,synthetic_50kb.bin.enc,51228,50.027,7.9963,0.0547,0.1029,0.0524,0.1553,100.0,52.0,485908.8,954721.52,5.0,4.875,0,True,7.9962,7.9919,7.9924,7.9963,50.02,204992,409824,0.02,14.3411,263.1108
op_20260503_154047_72da,2026-05-03T15:40:47Z,batch_20260503_154047_6b0f,1,both,aes_gcm,256,RSA,2048,synthetic_50kb.bin,.bin,application/octet-stream,51200,50.0,other,7.9962,synthetic_50kb.bin.enc,51228,50.027,7.9963,0.0547,0.0951,0.0518,0.1469,0.0,0.0,525762.21,965777.99,5.0,4.875,0,True,7.9962,7.9919,7.9924,7.9963,50.146,205512,409824,0.146,14.2293,259.023
op_20260503_154047_78c3,2026-05-03T15:40:47Z,batch_20260503_154047_6b0f,1,both,aes_gcm,256,ECDSA,P-256,synthetic_50kb.bin,.bin,application/octet-stream,51200,50.0,other,7.9962,synthetic_50kb.bin.enc,51228,50.027,7.9959,0.0547,0.1466,0.0456,0.1922,0.0,0.0,341064.23,1097090.92,5.0,4.875,0,True,7.9962,7.9919,7.9924,7.9959,49.968,204780,409824,0.032,15.0435,289.5164
op_20260503_154047_877f,2026-05-03T15:40:47Z,batch_20260503_154047_6b0f,1,both,chacha20_poly1305,256,,,synthetic_50kb.bin,.bin,application/octet-stream,51200,50.0,other,7.9962,synthetic_50kb.bin.enc,51228,50.027,7.9965,0.0547,0.0872,0.0453,0.1325,0.0,0.0,573393.96,1104356.48,5.0,4.875,0,True,7.9962,7.9919,7.9924,7.9965,49.993,204882,409824,0.007,13.8667,245.9902
op_20260503_154047_2216,2026-05-03T15:40:47Z,batch_20260503_154047_6b0f,1,both,chacha20_poly1305,256,RSA,2048,synthetic_50kb.bin,.bin,application/octet-stream,51200,50.0,other,7.9962,synthetic_50kb.bin.enc,51228,50.027,7.9963,0.0547,0.1032,0.0538,0.157,0.0,0.0,484496.26,929877.25,5.0,4.875,0,True,7.9962,7.9919,7.9924,7.9963,49.988,204863,409824,0.012,14.3746,264.3401
op_20260503_154047_8675,2026-05-03T15:40:47Z,batch_20260503_154047_6b0f,1,both,chacha20_poly1305,256,ECDSA,P-256,synthetic_50kb.bin,.bin,application/octet-stream,51200,50.0,other,7.9962,synthetic_50kb.bin.enc,51228,50.027,7.9958,0.0547,0.1321,0.0518,0.1839,0.0,0.0,378500.92,965777.99,5.0,4.875,0,True,7.9962,7.9919,7.9924,7.9958,49.953,204721,409824,0.047,15.179,294.7535
op_20260503_154047_407a,2026-05-03T15:40:47Z,batch_20260503_154047_6b0f,1,both,hybrid,256,,,synthetic_50kb.bin,.bin,application/octet-stream,51200,50.0,other,7.9962,synthetic_50kb.bin.enc,51264,50.062,7.9965,0.125,0.3922,0.0684,0.4606,0.0,0.0,127485.95,731907.3,5.0,4.875,0,True,7.9962,7.9919,7.9924,7.9965,49.968,102447,205024,0.032,13.8922,246.7216
op_20260503_154047_11d9,2026-05-03T15:40:47Z,batch_20260503_154047_6b0f,1,both,hybrid,256,RSA,2048,synthetic_50kb.bin,.bin,application/octet-stream,51200,50.0,other,7.9962,synthetic_50kb.bin.enc,51520,50.312,7.9965,0.625,48.614,0.8142,49.4282,16.0,4.0,1028.51,61793.78,5.0,4.875,2048,True,7.9962,7.9919,7.9924,7.9965,49.893,102292,205024,0.107,14.0815,252.2335
op_20260503_154047_13f0,2026-05-03T15:40:47Z,batch_20260503_154047_6b0f,1,both,hybrid,256,ECDSA,P-256,synthetic_50kb.bin,.bin,application/octet-stream,51200,50.0,other,7.9962,synthetic_50kb.bin.enc,51334,50.131,7.9962,0.2617,0.9247,0.4238,1.3485,4.0,0.0,54071.59,118288.96,5.0,4.875,560,True,7.9962,7.9919,7.9924,7.9962,50.054,102623,205024,0.054,14.5996,272.1171
op_20260503_154047_0bc1,2026-05-03T15:40:47Z,batch_20260503_154047_6b0f,1,both,aes_gcm,256,,,synthetic_10kb.bin,.bin,application/octet-stream,10240,10.0,other,7.9822,synthetic_10kb.bin.enc,10268,10.027,7.9808,0.2734,0.0935,0.0175,0.111,64.0,0.0,106951.86,572994.33,5.0,4.875,0,True,7.9822,7.9651,7.9648,7.9808,49.918,41005,82144,0.082,6.4907,268.8882
op_20260503_154047_f82f,2026-05-03T15:40:47Z,batch_20260503_154047_6b0f,1,both,aes_gcm,256,RSA,2048,synthetic_10kb.bin,.bin,application/octet-stream,10240,10.0,other,7.9822,synthetic_10kb.bin.enc,10268,10.027,7.9832,0.2734,0.0621,0.0163,0.0784,0.0,0.0,161030.58,615174.17,5.0,4.875,0,True,7.9822,7.9651,7.9648,7.9832,49.928,41013,82144,0.072,6.0754,235.5793
op_20260503_154047_ef0e,2026-05-03T15:40:47Z,batch_20260503_154047_6b0f,1,both,aes_gcm,256,ECDSA,P-256,synthetic_10kb.bin,.bin,application/octet-stream,10240,10.0,other,7.9822,synthetic_10kb.bin.enc,10268,10.027,7.9835,0.2734,0.0675,0.0179,0.0854,0.0,0.0,148148.04,560186.18,5.0,4.875,0,True,7.9822,7.9651,7.9648,7.9835,50.234,41264,82144,0.234,6.0127,230.7425
op_20260503_154047_7a4d,2026-05-03T15:40:47Z,batch_20260503_154047_6b0f,1,both,chacha20_poly1305,256,,,synthetic_10kb.bin,.bin,application/octet-stream,10240,10.0,other,7.9822,synthetic_10kb.bin.enc,10268,10.027,7.9817,0.2734,0.0644,0.0219,0.0863,0.0,0.0,155279.44,457868.53,5.0,4.875,0,True,7.9822,7.9651,7.9648,7.9817,50.001,41073,82144,0.001,6.3378,256.3724
op_20260503_154047_2033,2026-05-03T15:40:47Z,batch_20260503_154047_6b0f,1,both,chacha20_poly1305,256,RSA,2048,synthetic_10kb.bin,.bin,application/octet-stream,10240,10.0,other,7.9822,synthetic_10kb.bin.enc,10268,10.027,7.9818,0.2734,0.0562,0.0161,0.0723,0.0,0.0,177935.69,622816.14,5.0,4.875,0,True,7.9822,7.9651,7.9648,7.9818,50.11,41162,82144,0.11,6.3747,259.3642
op_20260503_154047_c3f5,2026-05-03T15:40:47Z,batch_20260503_154047_6b0f,1,both,chacha20_poly1305,256,ECDSA,P-256,synthetic_10kb.bin,.bin,application/octet-stream,10240,10.0,other,7.9822,synthetic_10kb.bin.enc,10268,10.027,7.9826,0.2734,0.0544,0.0153,0.0697,0.0,0.0,183823.7,655381.94,5.0,4.875,0,True,7.9822,7.9651,7.9648,7.9826,49.892,40983,82144,0.108,6.1831,244.0062
op_20260503_154047_ee0d,2026-05-03T15:40:47Z,batch_20260503_154047_6b0f,1,both,hybrid,256,,,synthetic_10kb.bin,.bin,application/octet-stream,10240,10.0,other,7.9822,synthetic_10kb.bin.enc,10304,10.062,7.981,0.625,0.1411,0.0622,0.2033,0.0,0.0,70871.71,161776.51,5.0,4.875,0,True,7.9822,7.9651,7.9648,7.981,50.107,20636,41184,0.107,6.4994,268.6708
op_20260503_154047_a04c,2026-05-03T15:40:47Z,batch_20260503_154047_6b0f,1,both,hybrid,256,RSA,2048,synthetic_10kb.bin,.bin,application/octet-stream,10240,10.0,other,7.9822,synthetic_10kb.bin.enc,10560,10.312,7.9819,3.125,46.0705,0.2903,46.3608,40.0,0.0,217.06,35523.6,5.0,4.875,2048,True,7.9822,7.9651,7.9648,7.9819,49.939,20567,41184,0.061,6.5557,266.7152
op_20260503_154047_0074,2026-05-03T15:40:47Z,batch_20260503_154047_6b0f,1,both,hybrid,256,ECDSA,P-256,synthetic_10kb.bin,.bin,application/octet-stream,10240,10.0,other,7.9822,synthetic_10kb.bin.enc,10376,10.133,7.9838,1.3281,0.4029,0.2276,0.6305,0.0,0.0,24820.05,44520.27,5.0,4.875,576,True,7.9822,7.9651,7.9648,7.9838,49.558,20410,41184,0.442,6.0833,233.7394
op_20260503_154047_38aa,2026-05-03T15:40:47Z,batch_20260503_154047_6b0f,1,both,aes_gcm,256,,,synthetic_100kb.bin,.bin,application/octet-stream,102400,100.0,other,7.9983,synthetic_100kb.bin.enc,102428,100.027,7.9984,0.0273,0.1379,0.1238,0.2617,88.0,104.0,725163.15,807975.24,5.0,4.875,0,True,7.9983,7.9965,7.9966,7.9984,49.966,409433,819424,0.034,18.7088,223.9511
op_20260503_154047_4a87,2026-05-03T15:40:47Z,batch_20260503_154047_6b0f,1,both,aes_gcm,256,RSA,2048,synthetic_100kb.bin,.bin,application/octet-stream,102400,100.0,other,7.9983,synthetic_100kb.bin.enc,102428,100.027,7.9983,0.0273,0.1014,0.1626,0.264,0.0,0.0,986193.71,615174.04,5.0,4.875,0,True,7.9983,7.9965,7.9966,7.9983,49.991,409640,819424,0.009,19.5707,245.0603
op_20260503_154047_5d14,2026-05-03T15:40:47Z,batch_20260503_154047_6b0f,1,both,aes_gcm,256,ECDSA,P-256,synthetic_100kb.bin,.bin,application/octet-stream,102400,100.0,other,7.9983,synthetic_100kb.bin.enc,102428,100.027,7.9978,0.0273,0.1085,0.0669,0.1754,0.0,0.0,921658.89,1495176.06,5.0,4.875,0,True,7.9983,7.9965,7.9966,7.9978,50.069,410277,819424,0.069,21.8166,304.5341
op_20260503_154047_9b94,2026-05-03T15:40:47Z,batch_20260503_154047_6b0f,1,both,chacha20_poly1305,256,,,synthetic_100kb.bin,.bin,application/octet-stream,102400,100.0,other,7.9983,synthetic_100kb.bin.enc,102428,100.027,7.9983,0.0273,0.1404,0.137,0.2774,0.0,0.0,712250.6,730126.62,5.0,4.875,0,True,7.9983,7.9965,7.9966,7.9983,49.915,409013,819424,0.085,19.4987,243.2608
op_20260503_154047_bb56,2026-05-03T15:40:47Z,batch_20260503_154047_6b0f,1,both,chacha20_poly1305,256,RSA,2048,synthetic_100kb.bin,.bin,application/octet-stream,102400,100.0,other,7.9983,synthetic_100kb.bin.enc,102428,100.027,7.9983,0.0273,0.1236,0.0789,0.2025,0.0,0.0,809061.42,1267775.26,5.0,4.875,0,True,7.9983,7.9965,7.9966,7.9983,50.077,410339,819424,0.077,19.5906,245.5602
op_20260503_154047_4a0e,2026-05-03T15:40:47Z,batch_20260503_154047_6b0f,1,both,chacha20_poly1305,256,ECDSA,P-256,synthetic_100kb.bin,.bin,application/octet-stream,102400,100.0,other,7.9983,synthetic_100kb.bin.enc,102428,100.027,7.9981,0.0273,0.3045,0.1074,0.4119,0.0,0.0,328407.24,931353.27,5.0,4.875,0,True,7.9983,7.9965,7.9966,7.9981,49.915,409016,819424,0.085,20.7181,274.6372
op_20260503_154048_ce42,2026-05-03T15:40:48Z,batch_20260503_154047_6b0f,1,both,hybrid,256,,,synthetic_100kb.bin,.bin,application/octet-stream,102400,100.0,other,7.9983,synthetic_100kb.bin.enc,102464,100.062,7.9982,0.0625,0.2264,0.0892,0.3156,44.0,0.0,441695.93,1121777.15,5.0,4.875,0,True,7.9983,7.9965,7.9966,7.9982,49.935,204647,409824,0.065,19.9307,254.0712
op_20260503_154048_0db9,2026-05-03T15:40:48Z,batch_20260503_154047_6b0f,1,both,hybrid,256,RSA,2048,synthetic_100kb.bin,.bin,application/octet-stream,102400,100.0,other,7.9983,synthetic_100kb.bin.enc,102720,100.312,7.9984,0.3125,45.2044,0.5574,45.7618,20.0,0.0,2212.17,179965.0,5.0,4.875,2048,True,7.9983,7.9965,7.9966,7.9984,50.134,205462,409824,0.134,18.6797,222.6193
op_20260503_154048_3fa7,2026-05-03T15:40:48Z,batch_20260503_154047_6b0f,1,both,hybrid,256,ECDSA,P-256,synthetic_100kb.bin,.bin,application/octet-stream,102400,100.0,other,7.9983,synthetic_100kb.bin.enc,102535,100.132,7.9985,0.1318,1.1152,0.6402,1.7554,0.0,0.0,89670.01,156407.12,5.0,4.875,568,True,7.9983,7.9965,7.9966,7.9985,49.993,204885,409824,0.007,18.478,218.2318
op_20260503_154048_01a0,2026-05-03T15:40:48Z,batch_20260503_154047_6b0f,1,both,aes_gcm,256,,,synthetic_500kb.bin,.bin,application/octet-stream,512000,500.0,other,7.9997,synthetic_500kb.bin.enc,512028,500.027,7.9996,0.0055,0.8245,0.3824,1.2069,804.0,512.0,606428.14,1307602.88,5.0,4.875,0,True,7.9997,7.9993,7.9993,7.9996,49.996,2047938,4096224,0.004,44.2968,251.1487
op_20260503_154048_ad4f,2026-05-03T15:40:48Z,batch_20260503_154047_6b0f,1,both,aes_gcm,256,RSA,2048,synthetic_500kb.bin,.bin,application/octet-stream,512000,500.0,other,7.9997,synthetic_500kb.bin.enc,512028,500.027,7.9996,0.0055,0.7965,0.3385,1.135,4.0,0.0,627746.38,1477186.09,5.0,4.875,0,True,7.9997,7.9993,7.9993,7.9996,49.987,2047585,4096224,0.013,44.9735,258.8803
op_20260503_154048_93a4,2026-05-03T15:40:48Z,batch_20260503_154047_6b0f,1,both,aes_gcm,256,ECDSA,P-256,synthetic_500kb.bin,.bin,application/octet-stream,512000,500.0,other,7.9997,synthetic_500kb.bin.enc,512028,500.027,7.9997,0.0055,0.5447,0.2798,0.8245,4.0,0.0,917936.55,1787088.95,5.0,4.875,0,True,7.9997,7.9993,7.9993,7.9997,49.977,2047189,4096224,0.023,43.6639,244.0231
op_20260503_154048_d490,2026-05-03T15:40:48Z,batch_20260503_154047_6b0f,1,both,chacha20_poly1305,256,,,synthetic_500kb.bin,.bin,application/octet-stream,512000,500.0,other,7.9997,synthetic_500kb.bin.enc,512028,500.027,7.9996,0.0055,1.6758,0.9303,2.6061,4.0,0.0,298364.97,537490.44,5.0,4.875,0,True,7.9997,7.9993,7.9993,7.9996,50.0,2048093,4096224,0.0,46.9856,282.563
op_20260503_154049_57c0,2026-05-03T15:40:49Z,batch_20260503_154047_6b0f,1,both,chacha20_poly1305,256,RSA,2048,synthetic_500kb.bin,.bin,application/octet-stream,512000,500.0,other,7.9997,synthetic_500kb.bin.enc,512028,500.027,7.9997,0.0055,0.7104,0.3663,1.0767,4.0,4.0,703828.89,1365076.03,5.0,4.875,0,True,7.9997,7.9993,7.9993,7.9997,50.009,2048492,4096224,0.009,43.2236,239.1264
op_20260503_154049_fb5c,2026-05-03T15:40:49Z,batch_20260503_154047_6b0f,1,both,chacha20_poly1305,256,ECDSA,P-256,synthetic_500kb.bin,.bin,application/octet-stream,512000,500.0,other,7.9997,synthetic_500kb.bin.enc,512028,500.027,7.9996,0.0055,0.7093,0.4749,1.1842,4.0,0.0,704920.3,1052910.79,5.0,4.875,0,True,7.9997,7.9993,7.9993,7.9996,50.005,2048313,4096224,0.005,45.9493,270.2367
op_20260503_154049_ab6b,2026-05-03T15:40:49Z,batch_20260503_154047_6b0f,1,both,hybrid,256,,,synthetic_500kb.bin,.bin,application/octet-stream,512000,500.0,other,7.9997,synthetic_500kb.bin.enc,512064,500.062,7.9996,0.0125,0.9751,0.8834,1.8585,4.0,0.0,512767.87,566065.78,5.0,4.875,0,True,7.9997,7.9993,7.9993,7.9996,50.022,1024562,2048224,0.022,47.5839,289.7848
op_20260503_154049_8a37,2026-05-03T15:40:49Z,batch_20260503_154047_6b0f,1,both,hybrid,256,RSA,2048,synthetic_500kb.bin,.bin,application/octet-stream,512000,500.0,other,7.9997,synthetic_500kb.bin.enc,512320,500.312,7.9996,0.0625,48.3486,1.4005,49.7491,0.0,760.0,10341.56,357238.5,5.0,4.875,2048,True,7.9997,7.9993,7.9993,7.9996,49.981,1023724,2048224,0.019,45.7433,267.6657
op_20260503_154049_68ca,2026-05-03T15:40:49Z,batch_20260503_154047_6b0f,1,both,hybrid,256,ECDSA,P-256,synthetic_500kb.bin,.bin,application/octet-stream,512000,500.0,other,7.9997,synthetic_500kb.bin.enc,512135,500.132,7.9996,0.0264,3.0154,1.3022,4.3176,508.0,4.0,165815.48,384066.83,5.0,4.875,568,True,7.9997,7.9993,7.9993,7.9996,49.977,1023649,2048224,0.023,46.2072,273.2219
op_20260503_154050_fb7b,2026-05-03T15:40:50Z,batch_20260503_154047_6b0f,1,both,aes_gcm,256,,,synthetic_1024kb.bin,.bin,application/octet-stream,1048576,1024.0,other,7.9998,synthetic_1024kb.bin.enc,1048604,1024.027,7.9998,0.0027,1.325,0.5561,1.8811,2056.0,1028.0,772830.14,1841444.84,5.0,4.875,0,True,7.9998,7.9996,7.9997,7.9998,50.019,4196036,8388832,0.019,66.1538,273.5129
op_20260503_154050_d2dc,2026-05-03T15:40:50Z,batch_20260503_154047_6b0f,1,both,aes_gcm,256,RSA,2048,synthetic_1024kb.bin,.bin,application/octet-stream,1048576,1024.0,other,7.9998,synthetic_1024kb.bin.enc,1048604,1024.027,7.9998,0.0027,1.2029,0.5116,1.7145,0.0,0.0,851276.11,2001616.96,5.0,4.875,0,True,7.9998,7.9996,7.9997,7.9998,50.019,4196003,8388832,0.019,62.5359,244.4146
op_20260503_154050_ce03,2026-05-03T15:40:50Z,batch_20260503_154047_6b0f,1,both,aes_gcm,256,ECDSA,P-256,synthetic_1024kb.bin,.bin,application/octet-stream,1048576,1024.0,other,7.9998,synthetic_1024kb.bin.enc,1048604,1024.027,7.9999,0.0027,1.3807,0.419,1.7997,1028.0,0.0,741652.83,2443979.07,5.0,4.875,0,True,7.9998,7.9996,7.9997,7.9999,49.998,4194257,8388832,0.002,58.8264,216.2781
op_20260503_154051_c1d6,2026-05-03T15:40:51Z,batch_20260503_154047_6b0f,1,both,chacha20_poly1305,256,,,synthetic_1024kb.bin,.bin,application/octet-stream,1048576,1024.0,other,7.9998,synthetic_1024kb.bin.enc,1048604,1024.027,7.9998,0.0027,1.0639,0.594,1.6579,0.0,0.0,962496.41,1723951.81,5.0,4.875,0,True,7.9998,7.9996,7.9997,7.9998,50.007,4195008,8388832,0.007,63.7405,253.9217
op_20260503_154051_7c8f,2026-05-03T15:40:51Z,batch_20260503_154047_6b0f,1,both,chacha20_poly1305,256,RSA,2048,synthetic_1024kb.bin,.bin,application/octet-stream,1048576,1024.0,other,7.9998,synthetic_1024kb.bin.enc,1048604,1024.027,7.9998,0.0027,1.128,0.6502,1.7782,0.0,4.0,907801.44,1574942.22,5.0,4.875,0,True,7.9998,7.9996,7.9997,7.9998,50.013,4195485,8388832,0.013,62.5178,244.2735
op_20260503_154051_da52,2026-05-03T15:40:51Z,batch_20260503_154047_6b0f,1,both,chacha20_poly1305,256,ECDSA,P-256,synthetic_1024kb.bin,.bin,application/octet-stream,1048576,1024.0,other,7.9998,synthetic_1024kb.bin.enc,1048604,1024.027,7.9999,0.0027,1.348,0.6837,2.0317,1032.0,0.0,759643.91,1497772.73,5.0,4.875,0,True,7.9998,7.9996,7.9997,7.9999,50.005,4194804,8388832,0.005,56.0965,196.6708
op_20260503_154052_6856,2026-05-03T15:40:52Z,batch_20260503_154047_6b0f,1,both,hybrid,256,,,synthetic_1024kb.bin,.bin,application/octet-stream,1048576,1024.0,other,7.9998,synthetic_1024kb.bin.enc,1048640,1024.062,7.9998,0.0061,2.3519,0.6876,3.0395,120.0,0.0,435392.66,1489328.83,5.0,4.875,0,True,7.9998,7.9996,7.9997,7.9998,49.983,2096538,4194528,0.017,63.5672,252.5339
op_20260503_154052_c628,2026-05-03T15:40:52Z,batch_20260503_154047_6b0f,1,both,hybrid,256,RSA,2048,synthetic_1024kb.bin,.bin,application/octet-stream,1048576,1024.0,other,7.9998,synthetic_1024kb.bin.enc,1048896,1024.312,7.9998,0.0305,48.5762,2.722,51.2982,2148.0,1092.0,21080.28,376308.78,5.0,4.875,2048,True,7.9998,7.9996,7.9997,7.9998,50.036,2098762,4194528,0.036,69.7828,304.2592
op_20260503_154052_5ae6,2026-05-03T15:40:52Z,batch_20260503_154047_6b0f,1,both,hybrid,256,ECDSA,P-256,synthetic_1024kb.bin,.bin,application/octet-stream,1048576,1024.0,other,7.9998,synthetic_1024kb.bin.enc,1048711,1024.132,7.9998,0.0129,4.3848,2.6766,7.0614,2072.0,1096.0,233534.03,382624.16,5.0,4.875,568,True,7.9998,7.9996,7.9997,7.9998,49.998,2097175,4194528,0.002,65.9682,271.9527
op_20260503_154211_49d7,2026-05-03T15:42:11Z,batch_20260503_154211_3cb1,1,both,aes_gcm,256,,,synthetic_50kb.bin,.bin,application/octet-stream,51200,50.0,other,7.9965,synthetic_50kb.bin.enc,51228,50.027,7.996,0.0547,0.115,0.1565,0.2715,72.0,52.0,543465.42,319663.48,4.9375,5.0,0,True,7.9965,7.9929,7.9922,7.996,49.969,204783,409824,0.031,14.9066,284.2692
op_20260503_154211_64c0,2026-05-03T15:42:11Z,batch_20260503_154211_3cb1,2,both,aes_gcm,256,,,synthetic_50kb.bin,.bin,application/octet-stream,51200,50.0,other,7.9965,synthetic_50kb.bin.enc,51228,50.027,7.9961,0.0547,0.0575,0.0375,0.095,0.0,0.0,1069291.31,1334064.77,4.9375,5.0,0,True,7.9965,7.9929,7.9922,7.9961,49.998,204902,409824,0.002,14.6422,274.2747
op_20260503_154211_faf2,2026-05-03T15:42:11Z,batch_20260503_154211_3cb1,3,both,aes_gcm,256,,,synthetic_50kb.bin,.bin,application/octet-stream,51200,50.0,other,7.9965,synthetic_50kb.bin.enc,51228,50.027,7.9964,0.0547,0.0606,0.0435,0.1041,0.0,0.0,1164156.5,1150054.36,4.9375,5.0,0,True,7.9965,7.9929,7.9922,7.9964,49.981,204834,409824,0.019,14.158,256.4344
op_20260503_154211_3595,2026-05-03T15:42:11Z,batch_20260503_154211_3cb1,1,both,aes_gcm,256,RSA,2048,synthetic_50kb.bin,.bin,application/octet-stream,51200,50.0,other,7.9965,synthetic_50kb.bin.enc,51228,50.027,7.9972,0.0547,0.0562,0.0444,0.1006,0.0,0.0,1105013.06,1126742.26,4.9375,5.0,0,True,7.9965,7.9929,7.9922,7.9972,49.887,204450,409824,0.113,12.4057,196.887
op_20260503_154211_ff94,2026-05-03T15:42:11Z,batch_20260503_154211_3cb1,2,both,aes_gcm,256,RSA,2048,synthetic_50kb.bin,.bin,application/octet-stream,51200,50.0,other,7.9965,synthetic_50kb.bin.enc,51228,50.027,7.9965,0.0547,0.0638,0.0371,0.1009,0.0,0.0,1046336.99,1348448.35,4.9375,5.0,0,True,7.9965,7.9929,7.9922,7.9965,50.006,204936,409824,0.006,13.98,250.028
op_20260503_154211_d8c0,2026-05-03T15:42:11Z,batch_20260503_154211_3cb1,3,both,aes_gcm,256,RSA,2048,synthetic_50kb.bin,.bin,application/octet-stream,51200,50.0,other,7.9965,synthetic_50kb.bin.enc,51228,50.027,7.9969,0.0547,0.0762,0.0566,0.1328,0.0,0.0,806333.64,883874.05,4.9375,5.0,0,True,7.9965,7.9929,7.9922,7.9969,49.824,204192,409824,0.176,12.9923,215.9466
op_20260503_154211_c02d,2026-05-03T15:42:11Z,batch_20260503_154211_3cb1,1,both,aes_gcm,256,ECDSA,P-256,synthetic_50kb.bin,.bin,application/octet-stream,51200,50.0,other,7.9965,synthetic_50kb.bin.enc,51228,50.027,7.9966,0.0547,0.0602,0.0456,0.1058,0.0,0.0,1230892.63,1097090.92,4.9375,5.0,0,True,7.9965,7.9929,7.9922,7.9966,49.933,204636,409824,0.067,13.6483,238.3044
op_20260503_154211_418a,2026-05-03T15:42:11Z,batch_20260503_154211_3cb1,2,both,aes_gcm,256,ECDSA,P-256,synthetic_50kb.bin,.bin,application/octet-stream,51200,50.0,other,7.9965,synthetic_50kb.bin.enc,51228,50.027,7.9967,0.0547,0.0748,0.0487,0.1235,0.0,0.0,749205.7,1027255.06,4.9375,5.0,0,True,7.9965,7.9929,7.9922,7.9967,49.887,204447,409824,0.113,13.5662,235.4459
op_20260503_154211_fa4d,2026-05-03T15:42:11Z,batch_20260503_154211_3cb1,3,both,aes_gcm,256,ECDSA,P-256,synthetic_50kb.bin,.bin,application/octet-stream,51200,50.0,other,7.9965,synthetic_50kb.bin.enc,51228,50.027,7.9963,0.0547,0.0864,0.0581,0.1445,0.0,0.0,783480.4,861056.18,4.9375,5.0,0,True,7.9965,7.9929,7.9922,7.9963,50.055,205136,409824,0.055,14.2942,261.3917
op_20260503_154211_079d,2026-05-03T15:42:11Z,batch_20260503_154211_3cb1,1,both,chacha20_poly1305,256,,,synthetic_50kb.bin,.bin,application/octet-stream,51200,50.0,other,7.9965,synthetic_50kb.bin.enc,51228,50.027,7.9969,0.0547,0.0668,0.0506,0.1174,0.0,0.0,896383.91,988681.98,4.9375,5.0,0,True,7.9965,7.9929,7.9922,7.9969,50.057,205144,409824,0.057,13.2005,222.9228
op_20260503_154211_d15d,2026-05-03T15:42:11Z,batch_20260503_154211_3cb1,2,both,chacha20_poly1305,256,,,synthetic_50kb.bin,.bin,application/octet-stream,51200,50.0,other,7.9965,synthetic_50kb.bin.enc,51228,50.027,7.9964,0.0547,0.1209,0.1328,0.2537,0.0,0.0,514271.57,376712.03,4.9375,5.0,0,True,7.9965,7.9929,7.9922,7.9964,50.027,205021,409824,0.027,14.1365,255.6549
op_20260503_154211_1df4,2026-05-03T15:42:11Z,batch_20260503_154211_3cb1,3,both,chacha20_poly1305,256,,,synthetic_50kb.bin,.bin,application/octet-stream,51200,50.0,other,7.9965,synthetic_50kb.bin.enc,51228,50.027,7.9963,0.0547,0.1228,0.0827,0.2055,0.0,0.0,488358.83,604926.06,4.9375,5.0,0,True,7.9965,7.9929,7.9922,7.9963,50.011,204956,409824,0.011,14.3596,263.7904
op_20260503_154211_be0b,2026-05-03T15:42:11Z,batch_20260503_154211_3cb1,1,both,chacha20_poly1305,256,RSA,2048,synthetic_50kb.bin,.bin,application/octet-stream,51200,50.0,other,7.9965,synthetic_50kb.bin.enc,51228,50.027,7.9969,0.0547,0.085,0.0652,0.1502,0.0,0.0,629412.12,767290.19,4.9375,5.0,0,True,7.9965,7.9929,7.9922,7.9969,49.927,204612,409824,0.073,13.1448,221.0438
op_20260503_154211_fe21,2026-05-03T15:42:11Z,batch_20260503_154211_3cb1,2,both,chacha20_poly1305,256,RSA,2048,synthetic_50kb.bin,.bin,application/octet-stream,51200,50.0,other,7.9965,synthetic_50kb.bin.enc,51228,50.027,7.9963,0.0547,0.1804,0.1448,0.3252,0.0,0.0,341254.49,345492.57,4.9375,5.0,0,True,7.9965,7.9929,7.9922,7.9963,49.964,204763,409824,0.036,14.3408,263.1008
op_20260503_154211_0c94,2026-05-03T15:42:11Z,batch_20260503_154211_3cb1,3,both,chacha20_poly1305,256,RSA,2048,synthetic_50kb.bin,.bin,application/octet-stream,51200,50.0,other,7.9965,synthetic_50kb.bin.enc,51228,50.027,7.9962,0.0547,0.1707,0.1027,0.2734,0.0,0.0,485114.06,487121.32,4.9375,5.0,0,True,7.9965,7.9929,7.9922,7.9962,49.969,204783,409824,0.031,14.6278,273.735
op_20260503_154212_1a77,2026-05-03T15:42:12Z,batch_20260503_154211_3cb1,1,both,chacha20_poly1305,256,ECDSA,P-256,synthetic_50kb.bin,.bin,application/octet-stream,51200,50.0,other,7.9965,synthetic_50kb.bin.enc,51228,50.027,7.9964,0.0547,0.0643,0.0693,0.1336,0.0,0.0,854343.15,721895.86,4.9375,5.0,0,True,7.9965,7.9929,7.9922,7.9964,50.044,205091,409824,0.044,14.2122,258.4034
op_20260503_154212_24bc,2026-05-03T15:42:12Z,batch_20260503_154211_3cb1,2,both,chacha20_poly1305,256,ECDSA,P-256,synthetic_50kb.bin,.bin,application/octet-stream,51200,50.0,other,7.9965,synthetic_50kb.bin.enc,51228,50.027,7.9966,0.0547,0.0791,0.0727,0.1518,0.0,0.0,737870.26,688133.19,4.9375,5.0,0,True,7.9965,7.9929,7.9922,7.9966,49.856,204322,409824,0.144,13.7859,243.1317
op_20260503_154212_ccd9,2026-05-03T15:42:12Z,batch_20260503_154211_3cb1,3,both,chacha20_poly1305,256,ECDSA,P-256,synthetic_50kb.bin,.bin,application/octet-stream,51200,50.0,other,7.9965,synthetic_50kb.bin.enc,51228,50.027,7.9966,0.0547,0.2236,0.0604,0.284,0.0,0.0,381146.31,828267.36,4.9375,5.0,0,True,7.9965,7.9929,7.9922,7.9966,49.936,204649,409824,0.064,13.6501,238.3643
op_20260503_154212_4221,2026-05-03T15:42:12Z,batch_20260503_154211_3cb1,1,both,hybrid,256,,,synthetic_50kb.bin,.bin,application/octet-stream,51200,50.0,other,7.9965,synthetic_50kb.bin.enc,51264,50.062,7.9966,0.125,0.1295,0.1169,0.2464,2.667,0.0,480979.78,428250.79,4.9375,5.0,0,True,7.9965,7.9929,7.9922,7.9966,50.053,102620,205024,0.053,13.8598,245.573
op_20260503_154212_c39e,2026-05-03T15:42:12Z,batch_20260503_154211_3cb1,2,both,hybrid,256,,,synthetic_50kb.bin,.bin,application/octet-stream,51200,50.0,other,7.9965,synthetic_50kb.bin.enc,51264,50.062,7.9965,0.125,0.1051,0.0745,0.1796,0.0,0.0,571261.6,671978.95,4.9375,5.0,0,True,7.9965,7.9929,7.9922,7.9965,49.825,102153,205024,0.175,13.9219,247.7803
op_20260503_154212_2862,2026-05-03T15:42:12Z,batch_20260503_154211_3cb1,3,both,hybrid,256,,,synthetic_50kb.bin,.bin,application/octet-stream,51200,50.0,other,7.9965,synthetic_50kb.bin.enc,51264,50.062,7.9964,0.125,0.116,0.0871,0.2031,0.0,0.0,477372.2,574770.61,4.9375,5.0,0,True,7.9965,7.9929,7.9922,7.9964,49.973,102457,205024,0.027,14.1854,257.2484
op_20260503_154212_74e1,2026-05-03T15:42:12Z,batch_20260503_154211_3cb1,1,both,hybrid,256,RSA,2048,synthetic_50kb.bin,.bin,application/octet-stream,51200,50.0,other,7.9965,synthetic_50kb.bin.enc,51520,50.312,7.9967,0.625,57.4406,0.4314,57.872,10.667,4.0,873.78,116626.09,4.9375,5.0,2048,True,7.9965,7.9929,7.9922,7.9967,50.192,102905,205024,0.192,13.5937,235.0609
op_20260503_154212_f320,2026-05-03T15:42:12Z,batch_20260503_154211_3cb1,2,both,hybrid,256,RSA,2048,synthetic_50kb.bin,.bin,application/octet-stream,51200,50.0,other,7.9965,synthetic_50kb.bin.enc,51520,50.312,7.9963,0.625,50.8061,0.4574,51.2635,45.333,84.0,984.79,109996.69,4.9375,5.0,2048,True,7.9965,7.9929,7.9922,7.9963,49.967,102445,205024,0.033,14.3443,261.7342
op_20260503_154212_7a4b,2026-05-03T15:42:12Z,batch_20260503_154211_3cb1,3,both,hybrid,256,RSA,2048,synthetic_50kb.bin,.bin,application/octet-stream,51200,50.0,other,7.9965,synthetic_50kb.bin.enc,51520,50.312,7.9965,0.625,50.3399,0.5898,50.9297,21.333,4.0,993.8,85304.35,4.9375,5.0,2048,True,7.9965,7.9929,7.9922,7.9965,49.858,102221,205024,0.142,13.9318,246.8969
op_20260503_154212_5054,2026-05-03T15:42:12Z,batch_20260503_154211_3cb1,1,both,hybrid,256,ECDSA,P-256,synthetic_50kb.bin,.bin,application/octet-stream,51200,50.0,other,7.9965,synthetic_50kb.bin.enc,51335,50.132,7.9965,0.2637,0.8055,0.5824,1.3879,6.667,0.0,71989.6,86078.01,4.9375,5.0,568,True,7.9965,7.9929,7.9922,7.9965,49.854,102213,205024,0.146,14.0267,251.1768
op_20260503_154212_638f,2026-05-03T15:42:12Z,batch_20260503_154211_3cb1,2,both,hybrid,256,ECDSA,P-256,synthetic_50kb.bin,.bin,application/octet-stream,51200,50.0,other,7.9965,synthetic_50kb.bin.enc,51335,50.132,7.9968,0.2637,0.4999,0.5343,1.0342,1.333,0.0,103578.67,93827.13,4.9375,5.0,568,True,7.9965,7.9929,7.9922,7.9968,50.002,102517,205024,0.002,13.2494,224.1081
op_20260503_154212_b886,2026-05-03T15:42:12Z,batch_20260503_154211_3cb1,3,both,hybrid,256,ECDSA,P-256,synthetic_50kb.bin,.bin,application/octet-stream,51200,50.0,other,7.9965,synthetic_50kb.bin.enc,51334,50.131,7.9959,0.2617,0.7448,0.4729,1.2177,1.333,0.0,70334.46,106007.32,4.9375,5.0,560,True,7.9965,7.9929,7.9922,7.9959,50.014,102540,205024,0.014,15.0091,287.5966
op_20260503_154212_ad6d,2026-05-03T15:42:12Z,batch_20260503_154211_3cb1,1,both,aes_gcm,256,,,synthetic_10kb.bin,.bin,application/octet-stream,10240,10.0,other,7.9805,synthetic_10kb.bin.enc,10268,10.027,7.9825,0.2734,0.0494,0.0326,0.082,10.667,32.0,366242.34,307587.09,4.9375,5.0,0,True,7.9805,7.9527,7.9672,7.9825,50.074,41133,82144,0.074,6.244,248.843
op_20260503_154212_c5fb,2026-05-03T15:42:12Z,batch_20260503_154211_3cb1,2,both,aes_gcm,256,,,synthetic_10kb.bin,.bin,application/octet-stream,10240,10.0,other,7.9805,synthetic_10kb.bin.enc,10268,10.027,7.9839,0.2734,0.0596,0.0284,0.088,0.0,0.0,273913.51,353074.24,4.9375,5.0,0,True,7.9805,7.9527,7.9672,7.9839,49.904,40993,82144,0.096,5.9434,225.457
op_20260503_154212_faeb,2026-05-03T15:42:12Z,batch_20260503_154211_3cb1,3,both,aes_gcm,256,,,synthetic_10kb.bin,.bin,application/octet-stream,10240,10.0,other,7.9805,synthetic_10kb.bin.enc,10268,10.027,7.982,0.2734,0.0573,0.0382,0.0955,0.0,0.0,315378.49,262496.31,4.9375,5.0,0,True,7.9805,7.9527,7.9672,7.982,50.122,41172,82144,0.122,6.3174,254.7269
op_20260503_154212_ddbf,2026-05-03T15:42:12Z,batch_20260503_154211_3cb1,1,both,aes_gcm,256,RSA,2048,synthetic_10kb.bin,.bin,application/octet-stream,10240,10.0,other,7.9805,synthetic_10kb.bin.enc,10268,10.027,7.9826,0.2734,0.0401,0.0253,0.0654,0.0,0.0,379885.6,396336.5,4.9375,5.0,0,True,7.9805,7.9527,7.9672,7.9826,50.091,41147,82144,0.091,6.1957,245.0035
op_20260503_154212_0bac,2026-05-03T15:42:12Z,batch_20260503_154211_3cb1,2,both,aes_gcm,256,RSA,2048,synthetic_10kb.bin,.bin,application/octet-stream,10240,10.0,other,7.9805,synthetic_10kb.bin.enc,10268,10.027,7.985,0.2734,0.0457,0.028,0.0737,0.0,0.0,340840.17,358119.67,4.9375,5.0,0,True,7.9805,7.9527,7.9672,7.985,50.226,41258,82144,0.226,5.8219,216.3319
op_20260503_154212_feba,2026-05-03T15:42:12Z,batch_20260503_154211_3cb1,3,both,aes_gcm,256,RSA,2048,synthetic_10kb.bin,.bin,application/octet-stream,10240,10.0,other,7.9805,synthetic_10kb.bin.enc,10268,10.027,7.9824,0.2734,0.0377,0.0215,0.0592,0.0,0.0,372479.7,466389.58,4.9375,5.0,0,True,7.9805,7.9527,7.9672,7.9824,50.043,41107,82144,0.043,6.2215,247.0479
op_20260503_154212_4ed6,2026-05-03T15:42:12Z,batch_20260503_154211_3cb1,1,both,aes_gcm,256,ECDSA,P-256,synthetic_10kb.bin,.bin,application/octet-stream,10240,10.0,other,7.9805,synthetic_10kb.bin.enc,10268,10.027,7.982,0.2734,0.0409,0.0154,0.0563,0.0,0.0,433313.72,651126.18,4.9375,5.0,0,True,7.9805,7.9527,7.9672,7.982,50.152,41197,82144,0.152,6.3044,253.6798
op_20260503_154212_e65e,2026-05-03T15:42:12Z,batch_20260503_154211_3cb1,2,both,aes_gcm,256,ECDSA,P-256,synthetic_10kb.bin,.bin,application/octet-stream,10240,10.0,other,7.9805,synthetic_10kb.bin.enc,10268,10.027,7.9821,0.2734,0.0854,0.0433,0.1287,0.0,0.0,236596.86,231578.48,4.9375,5.0,0,True,7.9805,7.9527,7.9672,7.9821,49.841,40941,82144,0.159,6.2415,248.6436
op_20260503_154212_8f6e,2026-05-03T15:42:12Z,batch_20260503_154211_3cb1,3,both,aes_gcm,256,ECDSA,P-256,synthetic_10kb.bin,.bin,application/octet-stream,10240,10.0,other,7.9805,synthetic_10kb.bin.enc,10268,10.027,7.9837,0.2734,0.0394,0.0231,0.0625,0.0,0.0,356103.6,434083.03,4.9375,5.0,0,True,7.9805,7.9527,7.9672,7.9837,49.935,41019,82144,0.065,6.025,231.6899
op_20260503_154212_46ab,2026-05-03T15:42:12Z,batch_20260503_154211_3cb1,1,both,chacha20_poly1305,256,,,synthetic_10kb.bin,.bin,application/octet-stream,10240,10.0,other,7.9805,synthetic_10kb.bin.enc,10268,10.027,7.9787,0.2734,0.0624,0.0285,0.0909,0.0,0.0,250637.42,351836.82,4.9375,5.0,0,True,7.9805,7.9527,7.9672,7.9787,49.875,40969,82144,0.125,6.8605,300.402
op_20260503_154212_92e0,2026-05-03T15:42:12Z,batch_20260503_154211_3cb1,2,both,chacha20_poly1305,256,,,synthetic_10kb.bin,.bin,application/octet-stream,10240,10.0,other,7.9805,synthetic_10kb.bin.enc,10268,10.027,7.9827,0.2734,0.0358,0.0221,0.0579,0.0,0.0,369253.2,453727.29,4.9375,5.0,0,True,7.9805,7.9527,7.9672,7.9827,49.876,40970,82144,0.124,6.2259,247.397
op_20260503_154212_aa51,2026-05-03T15:42:12Z,batch_20260503_154211_3cb1,3,both,chacha20_poly1305,256,,,synthetic_10kb.bin,.bin,application/octet-stream,10240,10.0,other,7.9805,synthetic_10kb.bin.enc,10268,10.027,7.978,0.2734,0.0413,0.0219,0.0632,0.0,0.0,338267.98,457868.53,4.9375,5.0,0,True,7.9805,7.9527,7.9672,7.978,50.101,41155,82144,0.101,6.9397,307.3829
op_20260503_154212_7167,2026-05-03T15:42:12Z,batch_20260503_154211_3cb1,1,both,chacha20_poly1305,256,RSA,2048,synthetic_10kb.bin,.bin,application/octet-stream,10240,10.0,other,7.9805,synthetic_10kb.bin.enc,10268,10.027,7.9838,0.2734,0.0663,0.0279,0.0942,0.0,0.0,311721.46,359403.26,4.9375,5.0,0,True,7.9805,7.9527,7.9672,7.9838,49.927,41012,82144,0.073,6.0023,229.9447
op_20260503_154212_2d79,2026-05-03T15:42:12Z,batch_20260503_154211_3cb1,2,both,chacha20_poly1305,256,RSA,2048,synthetic_10kb.bin,.bin,application/octet-stream,10240,10.0,other,7.9805,synthetic_10kb.bin.enc,10268,10.027,7.9794,0.2734,0.0331,0.0202,0.0533,0.0,0.0,399333.62,496402.24,4.9375,5.0,0,True,7.9805,7.9527,7.9672,7.9794,50.387,41390,82144,0.387,6.6851,285.2435
op_20260503_154212_7371,2026-05-03T15:42:12Z,batch_20260503_154211_3cb1,3,both,chacha20_poly1305,256,RSA,2048,synthetic_10kb.bin,.bin,application/octet-stream,10240,10.0,other,7.9805,synthetic_10kb.bin.enc,10268,10.027,7.9817,0.2734,0.0381,0.0219,0.06,0.0,0.0,426472.11,457870.96,4.9375,5.0,0,True,7.9805,7.9527,7.9672,7.9817,50.231,41262,82144,0.231,6.3649,258.5664
op_20260503_154212_3f1c,2026-05-03T15:42:12Z,batch_20260503_154211_3cb1,1,both,chacha20_poly1305,256,ECDSA,P-256,synthetic_10kb.bin,.bin,application/octet-stream,10240,10.0,other,7.9805,synthetic_10kb.bin.enc,10268,10.027,7.9837,0.2734,0.043,0.024,0.067,0.0,0.0,420436.09,417804.83,4.9375,5.0,0,True,7.9805,7.9527,7.9672,7.9837,50.062,41123,82144,0.062,6.0016,229.8948
op_20260503_154212_2185,2026-05-03T15:42:12Z,batch_20260503_154211_3cb1,2,both,chacha20_poly1305,256,ECDSA,P-256,synthetic_10kb.bin,.bin,application/octet-stream,10240,10.0,other,7.9805,synthetic_10kb.bin.enc,10268,10.027,7.9807,0.2734,0.0462,0.0395,0.0857,0.0,0.0,301863.05,253857.12,4.9375,5.0,0,True,7.9805,7.9527,7.9672,7.9807,49.839,40940,82144,0.161,6.5033,269.9353
op_20260503_154212_f980,2026-05-03T15:42:12Z,batch_20260503_154211_3cb1,3,both,chacha20_poly1305,256,ECDSA,P-256,synthetic_10kb.bin,.bin,application/octet-stream,10240,10.0,other,7.9805,synthetic_10kb.bin.enc,10268,10.027,7.9832,0.2734,0.045,0.03,0.075,0.0,0.0,343123.3,334244.84,4.9375,5.0,0,True,7.9805,7.9527,7.9672,7.9832,49.927,41012,82144,0.073,6.1132,238.5212
op_20260503_154212_11d2,2026-05-03T15:42:12Z,batch_20260503_154211_3cb1,1,both,hybrid,256,,,synthetic_10kb.bin,.bin,application/octet-stream,10240,10.0,other,7.9805,synthetic_10kb.bin.enc,10304,10.062,7.9851,0.625,0.0628,0.0419,0.1047,0.0,0.0,278036.58,240155.3,4.9375,5.0,0,True,7.9805,7.9527,7.9672,7.9851,50.104,20635,41184,0.104,5.7703,211.7764
op_20260503_154212_6945,2026-05-03T15:42:12Z,batch_20260503_154211_3cb1,2,both,hybrid,256,,,synthetic_10kb.bin,.bin,application/octet-stream,10240,10.0,other,7.9805,synthetic_10kb.bin.enc,10304,10.062,7.9834,0.625,0.0772,0.0543,0.1315,0.0,0.0,154542.46,185313.25,4.9375,5.0,0,True,7.9805,7.9527,7.9672,7.9834,50.034,20606,41184,0.034,6.1326,239.205
op_20260503_154212_41ba,2026-05-03T15:42:12Z,batch_20260503_154211_3cb1,3,both,hybrid,256,,,synthetic_10kb.bin,.bin,application/octet-stream,10240,10.0,other,7.9805,synthetic_10kb.bin.enc,10304,10.062,7.9782,0.625,0.07,0.0438,0.1138,0.0,0.0,198895.2,229737.53,4.9375,5.0,0,True,7.9805,7.9527,7.9672,7.9782,49.801,20510,41184,0.199,6.9844,310.2609
op_20260503_154213_f248,2026-05-03T15:42:13Z,batch_20260503_154211_3cb1,1,both,hybrid,256,RSA,2048,synthetic_10kb.bin,.bin,application/octet-stream,10240,10.0,other,7.9805,synthetic_10kb.bin.enc,10560,10.312,7.9794,3.125,50.1678,0.2668,50.4346,12.0,0.0,199.49,38652.54,4.9375,5.0,2048,True,7.9805,7.9527,7.9672,7.9794,49.745,20487,41184,0.255,6.9395,298.8606
op_20260503_154213_8caf,2026-05-03T15:42:13Z,batch_20260503_154211_3cb1,2,both,hybrid,256,RSA,2048,synthetic_10kb.bin,.bin,application/octet-stream,10240,10.0,other,7.9805,synthetic_10kb.bin.enc,10560,10.312,7.9831,3.125,52.1995,0.5332,52.7327,6.667,0.0,192.01,19340.77,4.9375,5.0,2048,True,7.9805,7.9527,7.9672,7.9831,49.9,20551,41184,0.1,6.348,250.0848
op_20260503_154213_f109,2026-05-03T15:42:13Z,batch_20260503_154211_3cb1,3,both,hybrid,256,RSA,2048,synthetic_10kb.bin,.bin,application/octet-stream,10240,10.0,other,7.9805,synthetic_10kb.bin.enc,10560,10.312,7.9822,3.125,54.8771,0.4115,55.2886,0.0,12.0,182.37,25060.75,4.9375,5.0,2048,True,7.9805,7.9527,7.9672,7.9822,50.33,20728,41184,0.33,6.4566,258.7152
op_20260503_154213_1f1d,2026-05-03T15:42:13Z,batch_20260503_154211_3cb1,1,both,hybrid,256,ECDSA,P-256,synthetic_10kb.bin,.bin,application/octet-stream,10240,10.0,other,7.9805,synthetic_10kb.bin.enc,10375,10.132,7.9811,1.3184,0.4171,0.2357,0.6528,4.0,0.0,27945.2,42986.16,4.9375,5.0,568,True,7.9805,7.9527,7.9672,7.9811,50.121,20642,41184,0.121,6.5401,270.1832
op_20260503_154213_6926,2026-05-03T15:42:13Z,batch_20260503_154211_3cb1,2,both,hybrid,256,ECDSA,P-256,synthetic_10kb.bin,.bin,application/octet-stream,10240,10.0,other,7.9805,synthetic_10kb.bin.enc,10376,10.133,7.9806,1.3281,0.4262,0.233,0.6592,1.333,0.0,30214.94,43488.46,4.9375,5.0,576,True,7.9805,7.9527,7.9672,7.9806,49.876,20541,41184,0.124,6.6455,278.9391
op_20260503_154213_40f7,2026-05-03T15:42:13Z,batch_20260503_154211_3cb1,3,both,hybrid,256,ECDSA,P-256,synthetic_10kb.bin,.bin,application/octet-stream,10240,10.0,other,7.9805,synthetic_10kb.bin.enc,10374,10.131,7.9811,1.3086,0.7028,0.4367,1.1395,0.0,0.0,14758.23,23198.67,4.9375,5.0,560,True,7.9805,7.9527,7.9672,7.9811,50.204,20676,41184,0.204,6.5758,273.1718
op_20260503_154213_c43f,2026-05-03T15:42:13Z,batch_20260503_154211_3cb1,1,both,aes_gcm,256,,,synthetic_100kb.bin,.bin,application/octet-stream,102400,100.0,other,7.998,synthetic_100kb.bin.enc,102428,100.027,7.998,0.0273,0.1737,0.1198,0.2935,136.0,100.0,713908.16,834952.92,4.9375,5.0,0,True,7.998,7.9962,7.9966,7.998,49.904,408929,819424,0.096,20.9524,280.8855
op_20260503_154213_0f4d,2026-05-03T15:42:13Z,batch_20260503_154211_3cb1,2,both,aes_gcm,256,,,synthetic_100kb.bin,.bin,application/octet-stream,102400,100.0,other,7.998,synthetic_100kb.bin.enc,102428,100.027,7.9982,0.0273,0.1579,0.1136,0.2715,0.0,0.0,1030295.05,880522.0,4.9375,5.0,0,True,7.998,7.9962,7.9966,7.9982,50.052,410141,819424,0.052,19.9061,253.533
op_20260503_154213_0bc5,2026-05-03T15:42:13Z,batch_20260503_154211_3cb1,3,both,aes_gcm,256,,,synthetic_100kb.bin,.bin,application/octet-stream,102400,100.0,other,7.998,synthetic_100kb.bin.enc,102428,100.027,7.9981,0.0273,0.0823,0.0834,0.1657,0.0,0.0,1508638.82,1199369.54,4.9375,5.0,0,True,7.998,7.9962,7.9966,7.9981,49.921,409068,819424,0.079,20.5828,271.0632
op_20260503_154213_418e,2026-05-03T15:42:13Z,batch_20260503_154211_3cb1,1,both,aes_gcm,256,RSA,2048,synthetic_100kb.bin,.bin,application/octet-stream,102400,100.0,other,7.998,synthetic_100kb.bin.enc,102428,100.027,7.9981,0.0273,0.0814,0.1209,0.2023,0.0,0.0,1390544.8,827356.1,4.9375,5.0,0,True,7.998,7.9962,7.9966,7.9981,49.939,409209,819424,0.061,20.4323,267.1143
op_20260503_154213_b9f2,2026-05-03T15:42:13Z,batch_20260503_154211_3cb1,2,both,aes_gcm,256,RSA,2048,synthetic_100kb.bin,.bin,application/octet-stream,102400,100.0,other,7.998,synthetic_100kb.bin.enc,102428,100.027,7.9982,0.0273,0.1059,0.067,0.1729,0.0,0.0,1009149.43,1492944.44,4.9375,5.0,0,True,7.998,7.9962,7.9966,7.9982,49.92,409055,819424,0.08,19.8967,253.2931
op_20260503_154213_fc84,2026-05-03T15:42:13Z,batch_20260503_154211_3cb1,3,both,aes_gcm,256,RSA,2048,synthetic_100kb.bin,.bin,application/octet-stream,102400,100.0,other,7.998,synthetic_100kb.bin.enc,102428,100.027,7.9981,0.0273,0.1203,0.1028,0.2231,0.0,0.0,924480.25,973028.94,4.9375,5.0,0,True,7.998,7.9962,7.9966,7.9981,49.896,408857,819424,0.104,20.4566,267.7491
op_20260503_154213_8151,2026-05-03T15:42:13Z,batch_20260503_154211_3cb1,1,both,aes_gcm,256,ECDSA,P-256,synthetic_100kb.bin,.bin,application/octet-stream,102400,100.0,other,7.998,synthetic_100kb.bin.enc,102428,100.027,7.9978,0.0273,0.1289,0.0858,0.2147,0.0,0.0,937512.73,1165820.47,4.9375,5.0,0,True,7.998,7.9962,7.9966,7.9978,50.036,410003,819424,0.036,22.0873,312.137
op_20260503_154213_b85d,2026-05-03T15:42:13Z,batch_20260503_154211_3cb1,2,both,aes_gcm,256,ECDSA,P-256,synthetic_100kb.bin,.bin,application/octet-stream,102400,100.0,other,7.998,synthetic_100kb.bin.enc,102428,100.027,7.9982,0.0273,0.0878,0.0586,0.1464,0.0,0.0,1236662.63,1706951.83,4.9375,5.0,0,True,7.998,7.9962,7.9966,7.9982,50.051,410128,819424,0.051,20.0362,256.8571
op_20260503_154213_0181,2026-05-03T15:42:13Z,batch_20260503_154211_3cb1,3,both,aes_gcm,256,ECDSA,P-256,synthetic_100kb.bin,.bin,application/octet-stream,102400,100.0,other,7.998,synthetic_100kb.bin.enc,102428,100.027,7.9984,0.0273,0.1199,0.316,0.4359,0.0,0.0,992119.13,316542.27,4.9375,5.0,0,True,7.998,7.9962,7.9966,7.9984,49.958,409370,819424,0.042,19.091,233.1936
op_20260503_154213_fcc7,2026-05-03T15:42:13Z,batch_20260503_154211_3cb1,1,both,chacha20_poly1305,256,,,synthetic_100kb.bin,.bin,application/octet-stream,102400,100.0,other,7.998,synthetic_100kb.bin.enc,102428,100.027,7.9982,0.0273,0.1123,0.1039,0.2162,0.0,0.0,907976.68,962727.3,4.9375,5.0,0,True,7.998,7.9962,7.9966,7.9982,49.966,409432,819424,0.034,19.817,251.2686
op_20260503_154213_96a9,2026-05-03T15:42:13Z,batch_20260503_154211_3cb1,2,both,chacha20_poly1305,256,,,synthetic_100kb.bin,.bin,application/octet-stream,102400,100.0,other,7.998,synthetic_100kb.bin.enc,102428,100.027,7.9978,0.0273,0.0977,0.0761,0.1738,0.0,0.0,1121893.79,1314419.81,4.9375,5.0,0,True,7.998,7.9962,7.9966,7.9978,49.94,409218,819424,0.06,21.8883,306.5385
op_20260503_154214_bb4b,2026-05-03T15:42:14Z,batch_20260503_154211_3cb1,3,both,chacha20_poly1305,256,,,synthetic_100kb.bin,.bin,application/octet-stream,102400,100.0,other,7.998,synthetic_100kb.bin.enc,102428,100.027,7.998,0.0273,0.1329,0.0939,0.2268,0.0,0.0,840835.18,1065253.74,4.9375,5.0,0,True,7.998,7.9962,7.9966,7.998,50.014,409830,819424,0.014,20.9532,280.9055
op_20260503_154214_74d1,2026-05-03T15:42:14Z,batch_20260503_154211_3cb1,1,both,chacha20_poly1305,256,RSA,2048,synthetic_100kb.bin,.bin,application/octet-stream,102400,100.0,other,7.998,synthetic_100kb.bin.enc,102428,100.027,7.9981,0.0273,0.1981,0.1131,0.3112,0.0,0.0,557435.53,884415.61,4.9375,5.0,0,True,7.998,7.9962,7.9966,7.9981,50.045,410080,819424,0.045,20.2445,262.2256
op_20260503_154214_8d92,2026-05-03T15:42:14Z,batch_20260503_154211_3cb1,2,both,chacha20_poly1305,256,RSA,2048,synthetic_100kb.bin,.bin,application/octet-stream,102400,100.0,other,7.998,synthetic_100kb.bin.enc,102428,100.027,7.9983,0.0273,0.2308,0.2076,0.4384,0.0,0.0,476398.35,481827.13,4.9375,5.0,0,True,7.998,7.9962,7.9966,7.9983,50.011,409806,819424,0.011,19.6307,246.5649
op_20260503_154214_b294,2026-05-03T15:42:14Z,batch_20260503_154211_3cb1,3,both,chacha20_poly1305,256,RSA,2048,synthetic_100kb.bin,.bin,application/octet-stream,102400,100.0,other,7.998,synthetic_100kb.bin.enc,102428,100.027,7.9981,0.0273,0.1006,0.0958,0.1964,0.0,0.0,1053009.84,1044126.42,4.9375,5.0,0,True,7.998,7.9962,7.9966,7.9981,50.039,410033,819424,0.039,20.314,264.0301
op_20260503_154214_5f7d,2026-05-03T15:42:14Z,batch_20260503_154211_3cb1,1,both,chacha20_poly1305,256,ECDSA,P-256,synthetic_100kb.bin,.bin,application/octet-stream,102400,100.0,other,7.998,synthetic_100kb.bin.enc,102428,100.027,7.9983,0.0273,0.1056,0.0756,0.1812,0.0,0.0,1045631.46,1323111.09,4.9375,5.0,0,True,7.998,7.9962,7.9966,7.9983,49.982,409562,819424,0.018,19.3188,238.792
op_20260503_154214_7fa6,2026-05-03T15:42:14Z,batch_20260503_154211_3cb1,2,both,chacha20_poly1305,256,ECDSA,P-256,synthetic_100kb.bin,.bin,application/octet-stream,102400,100.0,other,7.998,synthetic_100kb.bin.enc,102428,100.027,7.9983,0.0273,0.1786,0.1177,0.2963,0.0,0.0,691180.2,849850.24,4.9375,5.0,0,True,7.998,7.9962,7.9966,7.9983,50.031,409970,819424,0.031,19.5998,245.7901
op_20260503_154214_0ed7,2026-05-03T15:42:14Z,batch_20260503_154211_3cb1,3,both,chacha20_poly1305,256,ECDSA,P-256,synthetic_100kb.bin,.bin,application/octet-stream,102400,100.0,other,7.998,synthetic_100kb.bin.enc,102428,100.027,7.9982,0.0273,0.1168,0.0878,0.2046,0.0,0.0,1018591.47,1139263.98,4.9375,5.0,0,True,7.998,7.9962,7.9966,7.9982,50.038,410026,819424,0.038,19.9719,255.2126
op_20260503_154214_5277,2026-05-03T15:42:14Z,batch_20260503_154211_3cb1,1,both,hybrid,256,,,synthetic_100kb.bin,.bin,application/octet-stream,102400,100.0,other,7.998,synthetic_100kb.bin.enc,102464,100.062,7.9982,0.0625,0.154,0.085,0.239,32.0,0.0,774710.13,1177206.59,4.9375,5.0,0,True,7.998,7.9962,7.9966,7.9982,49.977,204816,409824,0.023,20.1936,260.817
op_20260503_154214_16e4,2026-05-03T15:42:14Z,batch_20260503_154211_3cb1,2,both,hybrid,256,,,synthetic_100kb.bin,.bin,application/octet-stream,102400,100.0,other,7.998,synthetic_100kb.bin.enc,102464,100.062,7.9985,0.0625,0.1504,0.0951,0.2455,0.0,0.0,743442.35,1052181.63,4.9375,5.0,0,True,7.998,7.9962,7.9966,7.9985,49.982,204838,409824,0.018,18.4143,216.8795
op_20260503_154214_bb3c,2026-05-03T15:42:14Z,batch_20260503_154211_3cb1,3,both,hybrid,256,,,synthetic_100kb.bin,.bin,application/octet-stream,102400,100.0,other,7.998,synthetic_100kb.bin.enc,102464,100.062,7.9982,0.0625,0.1453,0.1143,0.2596,0.0,0.0,770881.22,875437.02,4.9375,5.0,0,True,7.998,7.9962,7.9966,7.9982,49.975,204810,409824,0.025,20.1017,258.4485
op_20260503_154214_9999,2026-05-03T15:42:14Z,batch_20260503_154211_3cb1,1,both,hybrid,256,RSA,2048,synthetic_100kb.bin,.bin,application/octet-stream,102400,100.0,other,7.998,synthetic_100kb.bin.enc,102720,100.312,7.998,0.3125,48.06,0.3774,48.4374,96.0,56.0,2082.19,265798.83,4.9375,5.0,2048,True,7.998,7.9962,7.9966,7.998,49.823,204187,409824,0.177,21.1529,285.4729
op_20260503_154214_3912,2026-05-03T15:42:14Z,batch_20260503_154211_3cb1,2,both,hybrid,256,RSA,2048,synthetic_100kb.bin,.bin,application/octet-stream,102400,100.0,other,7.998,synthetic_100kb.bin.enc,102720,100.312,7.9982,0.3125,48.0449,0.4761,48.521,6.667,0.0,2084.22,210696.28,4.9375,5.0,2048,True,7.998,7.9962,7.9966,7.9982,50.03,205036,409824,0.03,20.1758,259.7084
op_20260503_154214_62c7,2026-05-03T15:42:14Z,batch_20260503_154211_3cb1,3,both,hybrid,256,RSA,2048,synthetic_100kb.bin,.bin,application/octet-stream,102400,100.0,other,7.998,synthetic_100kb.bin.enc,102720,100.312,7.9983,0.3125,46.6729,0.3231,46.996,4.0,0.0,2144.47,310468.88,4.9375,5.0,2048,True,7.998,7.9962,7.9966,7.9983,50.133,205456,409824,0.133,19.5656,244.2368
op_20260503_154214_a79f,2026-05-03T15:42:14Z,batch_20260503_154211_3cb1,1,both,hybrid,256,ECDSA,P-256,synthetic_100kb.bin,.bin,application/octet-stream,102400,100.0,other,7.998,synthetic_100kb.bin.enc,102534,100.131,7.9981,0.1309,0.5123,0.332,0.8443,1.333,0.0,228280.22,301598.9,4.9375,5.0,560,True,7.998,7.9962,7.9966,7.9981,49.944,204684,409824,0.056,20.2257,261.4675
op_20260503_154214_ec37,2026-05-03T15:42:14Z,batch_20260503_154211_3cb1,2,both,hybrid,256,ECDSA,P-256,synthetic_100kb.bin,.bin,application/octet-stream,102400,100.0,other,7.998,synthetic_100kb.bin.enc,102535,100.132,7.9982,0.1318,0.5723,0.3868,0.9591,0.0,4.0,194113.7,258872.35,4.9375,5.0,568,True,7.998,7.9962,7.9966,7.9982,49.791,204054,409824,0.209,20.181,260.3113
op_20260503_154214_846d,2026-05-03T15:42:14Z,batch_20260503_154211_3cb1,3,both,hybrid,256,ECDSA,P-256,synthetic_100kb.bin,.bin,application/octet-stream,102400,100.0,other,7.998,synthetic_100kb.bin.enc,102535,100.132,7.9984,0.1318,0.7506,0.5879,1.3385,0.0,0.0,135882.74,170321.22,4.9375,5.0,568,True,7.998,7.9962,7.9966,7.9984,49.972,204799,409824,0.028,18.652,222.3614
op_20260503_154215_7722,2026-05-03T15:42:15Z,batch_20260503_154211_3cb1,1,both,aes_gcm,256,,,synthetic_500kb.bin,.bin,application/octet-stream,512000,500.0,other,7.9997,synthetic_500kb.bin.enc,512028,500.027,7.9996,0.0055,0.6916,0.3484,1.04,672.0,512.0,768670.33,1435210.62,4.9375,5.0,0,True,7.9997,7.9993,7.9993,7.9996,49.963,2046603,4096224,0.037,45.8016,268.5018
op_20260503_154215_a207,2026-05-03T15:42:15Z,batch_20260503_154211_3cb1,2,both,aes_gcm,256,,,synthetic_500kb.bin,.bin,application/octet-stream,512000,500.0,other,7.9997,synthetic_500kb.bin.enc,512028,500.027,7.9997,0.0055,0.608,0.2958,0.9038,0.0,0.0,854527.74,1690424.18,4.9375,5.0,0,True,7.9997,7.9993,7.9993,7.9997,50.013,2048633,4096224,0.013,39.8205,202.9554
op_20260503_154215_223f,2026-05-03T15:42:15Z,batch_20260503_154211_3cb1,3,both,aes_gcm,256,,,synthetic_500kb.bin,.bin,application/octet-stream,512000,500.0,other,7.9997,synthetic_500kb.bin.enc,512028,500.027,7.9996,0.0055,0.4506,0.22,0.6706,0.0,0.0,1148353.99,2272852.3,4.9375,5.0,0,True,7.9997,7.9993,7.9993,7.9996,50.005,2048309,4096224,0.005,45.6716,266.9799
op_20260503_154215_e6c5,2026-05-03T15:42:15Z,batch_20260503_154211_3cb1,1,both,aes_gcm,256,RSA,2048,synthetic_500kb.bin,.bin,application/octet-stream,512000,500.0,other,7.9997,synthetic_500kb.bin.enc,512028,500.027,7.9996,0.0055,0.5853,0.3851,0.9704,0.0,0.0,863175.93,1298434.99,4.9375,5.0,0,True,7.9997,7.9993,7.9993,7.9996,49.977,2047150,4096224,0.023,44.1833,249.8628
op_20260503_154215_d741,2026-05-03T15:42:15Z,batch_20260503_154211_3cb1,2,both,aes_gcm,256,RSA,2048,synthetic_500kb.bin,.bin,application/octet-stream,512000,500.0,other,7.9997,synthetic_500kb.bin.enc,512028,500.027,7.9996,0.0055,0.4991,0.3668,0.8659,0.0,0.0,1065629.24,1363215.23,4.9375,5.0,0,True,7.9997,7.9993,7.9993,7.9996,50.019,2048883,4096224,0.019,45.388,263.675
op_20260503_154216_bd9e,2026-05-03T15:42:16Z,batch_20260503_154211_3cb1,3,both,aes_gcm,256,RSA,2048,synthetic_500kb.bin,.bin,application/octet-stream,512000,500.0,other,7.9997,synthetic_500kb.bin.enc,512028,500.027,7.9997,0.0055,0.5472,0.2516,0.7988,0.0,0.0,1064901.34,1987389.66,4.9375,5.0,0,True,7.9997,7.9993,7.9993,7.9997,49.983,2047397,4096224,0.017,39.9265,204.0373
op_20260503_154216_56ef,2026-05-03T15:42:16Z,batch_20260503_154211_3cb1,1,both,aes_gcm,256,ECDSA,P-256,synthetic_500kb.bin,.bin,application/octet-stream,512000,500.0,other,7.9997,synthetic_500kb.bin.enc,512028,500.027,7.9996,0.0055,0.4956,0.2186,0.7142,0.0,0.0,1105086.47,2287408.65,4.9375,5.0,0,True,7.9997,7.9993,7.9993,7.9996,50.028,2049258,4096224,0.028,44.7827,256.6884
op_20260503_154216_98b7,2026-05-03T15:42:16Z,batch_20260503_154211_3cb1,2,both,aes_gcm,256,ECDSA,P-256,synthetic_500kb.bin,.bin,application/octet-stream,512000,500.0,other,7.9997,synthetic_500kb.bin.enc,512028,500.027,7.9996,0.0055,0.512,0.2228,0.7348,0.0,0.0,1034961.61,2244287.23,4.9375,5.0,0,True,7.9997,7.9993,7.9993,7.9996,50.025,2049124,4096224,0.025,45.3036,262.6951
op_20260503_154216_69ac,2026-05-03T15:42:16Z,batch_20260503_154211_3cb1,3,both,aes_gcm,256,ECDSA,P-256,synthetic_500kb.bin,.bin,application/octet-stream,512000,500.0,other,7.9997,synthetic_500kb.bin.enc,512028,500.027,7.9996,0.0055,0.7237,0.3235,1.0472,0.0,0.0,881222.5,1545680.05,4.9375,5.0,0,True,7.9997,7.9993,7.9993,7.9996,49.995,2047905,4096224,0.005,47.0393,283.209
op_20260503_154216_62ae,2026-05-03T15:42:16Z,batch_20260503_154211_3cb1,1,both,chacha20_poly1305,256,,,synthetic_500kb.bin,.bin,application/octet-stream,512000,500.0,other,7.9997,synthetic_500kb.bin.enc,512028,500.027,7.9997,0.0055,0.5015,0.3503,0.8518,0.0,4.0,1005781.64,1427426.09,4.9375,5.0,0,True,7.9997,7.9993,7.9993,7.9997,50.021,2048958,4096224,0.021,42.889,235.4386
op_20260503_154217_e988,2026-05-03T15:42:17Z,batch_20260503_154211_3cb1,2,both,chacha20_poly1305,256,,,synthetic_500kb.bin,.bin,application/octet-stream,512000,500.0,other,7.9997,synthetic_500kb.bin.enc,512028,500.027,7.9997,0.0055,0.5942,0.3718,0.966,0.0,0.0,841873.7,1344882.87,4.9375,5.0,0,True,7.9997,7.9993,7.9993,7.9997,50.021,2048957,4096224,0.021,42.9719,236.3495
op_20260503_154217_8bce,2026-05-03T15:42:17Z,batch_20260503_154211_3cb1,3,both,chacha20_poly1305,256,,,synthetic_500kb.bin,.bin,application/octet-stream,512000,500.0,other,7.9997,synthetic_500kb.bin.enc,512028,500.027,7.9996,0.0055,0.5108,0.3377,0.8485,0.0,0.0,993152.1,1480685.01,4.9375,5.0,0,True,7.9997,7.9993,7.9993,7.9996,49.93,2045245,4096224,0.07,45.1399,260.8002
op_20260503_154217_dfdc,2026-05-03T15:42:17Z,batch_20260503_154211_3cb1,1,both,chacha20_poly1305,256,RSA,2048,synthetic_500kb.bin,.bin,application/octet-stream,512000,500.0,other,7.9997,synthetic_500kb.bin.enc,512028,500.027,7.9996,0.0055,0.5777,0.3535,0.9312,0.0,0.0,892375.6,1414504.45,4.9375,5.0,0,True,7.9997,7.9993,7.9993,7.9996,49.999,2048051,4096224,0.001,46.5188,276.9763
op_20260503_154217_2e38,2026-05-03T15:42:17Z,batch_20260503_154211_3cb1,2,both,chacha20_poly1305,256,RSA,2048,synthetic_500kb.bin,.bin,application/octet-stream,512000,500.0,other,7.9997,synthetic_500kb.bin.enc,512028,500.027,7.9997,0.0055,0.5047,0.3079,0.8126,1.333,0.0,1010277.44,1623993.2,4.9375,5.0,0,True,7.9997,7.9993,7.9993,7.9997,50.001,2048137,4096224,0.001,42.0375,226.1831
op_20260503_154217_d47d,2026-05-03T15:42:17Z,batch_20260503_154211_3cb1,3,both,chacha20_poly1305,256,RSA,2048,synthetic_500kb.bin,.bin,application/octet-stream,512000,500.0,other,7.9997,synthetic_500kb.bin.enc,512028,500.027,7.9996,0.0055,0.6464,0.3892,1.0356,0.0,0.0,796854.27,1284757.0,4.9375,5.0,0,True,7.9997,7.9993,7.9993,7.9996,50.039,2049709,4096224,0.039,44.4156,252.4977
op_20260503_154218_20bf,2026-05-03T15:42:18Z,batch_20260503_154211_3cb1,1,both,chacha20_poly1305,256,ECDSA,P-256,synthetic_500kb.bin,.bin,application/octet-stream,512000,500.0,other,7.9997,synthetic_500kb.bin.enc,512028,500.027,7.9996,0.0055,0.6016,0.3541,0.9557,0.0,0.0,836719.04,1412107.65,4.9375,5.0,0,True,7.9997,7.9993,7.9993,7.9996,50.015,2048728,4096224,0.015,46.1651,272.7806
op_20260503_154218_1a08,2026-05-03T15:42:18Z,batch_20260503_154211_3cb1,2,both,chacha20_poly1305,256,ECDSA,P-256,synthetic_500kb.bin,.bin,application/octet-stream,512000,500.0,other,7.9997,synthetic_500kb.bin.enc,512028,500.027,7.9996,0.0055,0.6261,0.3235,0.9496,0.0,0.0,855739.45,1545679.49,4.9375,5.0,0,True,7.9997,7.9993,7.9993,7.9996,49.995,2047908,4096224,0.005,46.0213,271.0836
op_20260503_154218_64d5,2026-05-03T15:42:18Z,batch_20260503_154211_3cb1,3,both,chacha20_poly1305,256,ECDSA,P-256,synthetic_500kb.bin,.bin,application/octet-stream,512000,500.0,other,7.9997,synthetic_500kb.bin.enc,512028,500.027,7.9996,0.0055,0.553,0.328,0.881,0.0,0.0,914216.38,1524473.9,4.9375,5.0,0,True,7.9997,7.9993,7.9993,7.9996,49.986,2047547,4096224,0.014,44.8398,257.3434
op_20260503_154218_f3f2,2026-05-03T15:42:18Z,batch_20260503_154211_3cb1,1,both,hybrid,256,,,synthetic_500kb.bin,.bin,application/octet-stream,512000,500.0,other,7.9997,synthetic_500kb.bin.enc,512064,500.062,7.9996,0.0125,0.9385,0.3578,1.2963,89.333,0.0,574713.72,1397603.23,4.9375,5.0,0,True,7.9997,7.9993,7.9993,7.9996,49.993,1023966,2048224,0.007,47.4207,287.801
op_20260503_154218_1139,2026-05-03T15:42:18Z,batch_20260503_154211_3cb1,2,both,hybrid,256,,,synthetic_500kb.bin,.bin,application/octet-stream,512000,500.0,other,7.9997,synthetic_500kb.bin.enc,512064,500.062,7.9997,0.0125,0.9678,1.0667,2.0345,0.0,0.0,520045.92,468793.96,4.9375,5.0,0,True,7.9997,7.9993,7.9993,7.9997,49.972,1023547,2048224,0.028,42.5693,231.926
op_20260503_154219_2e52,2026-05-03T15:42:19Z,batch_20260503_154211_3cb1,3,both,hybrid,256,,,synthetic_500kb.bin,.bin,application/octet-stream,512000,500.0,other,7.9997,synthetic_500kb.bin.enc,512064,500.062,7.9997,0.0125,0.6807,0.3103,0.991,0.0,0.0,749427.29,1611545.1,4.9375,5.0,0,True,7.9997,7.9993,7.9993,7.9997,49.999,1024099,2048224,0.001,43.3824,240.8699
op_20260503_154219_95b9,2026-05-03T15:42:19Z,batch_20260503_154211_3cb1,1,both,hybrid,256,RSA,2048,synthetic_500kb.bin,.bin,application/octet-stream,512000,500.0,other,7.9997,synthetic_500kb.bin.enc,512320,500.312,7.9996,0.0625,46.16,1.4914,47.6514,12.0,0.0,10835.82,335464.98,4.9375,5.0,2048,True,7.9997,7.9993,7.9993,7.9996,50.021,1024547,2048224,0.021,45.4967,264.7885
op_20260503_154219_9d76,2026-05-03T15:42:19Z,batch_20260503_154211_3cb1,2,both,hybrid,256,RSA,2048,synthetic_500kb.bin,.bin,application/octet-stream,512000,500.0,other,7.9997,synthetic_500kb.bin.enc,512320,500.312,7.9996,0.0625,53.3799,1.1298,54.5097,182.667,516.0,9403.89,442832.81,4.9375,5.0,2048,True,7.9997,7.9993,7.9993,7.9996,49.978,1023664,2048224,0.022,45.6296,266.3375
op_20260503_154220_c4a1,2026-05-03T15:42:20Z,batch_20260503_154211_3cb1,3,both,hybrid,256,RSA,2048,synthetic_500kb.bin,.bin,application/octet-stream,512000,500.0,other,7.9997,synthetic_500kb.bin.enc,512320,500.312,7.9997,0.0625,49.2559,1.0508,50.3067,9.333,4.0,10171.92,476125.35,4.9375,5.0,2048,True,7.9997,7.9993,7.9993,7.9997,49.99,1023910,2048224,0.01,41.9339,224.9414
op_20260503_154220_7018,2026-05-03T15:42:20Z,batch_20260503_154211_3cb1,1,both,hybrid,256,ECDSA,P-256,synthetic_500kb.bin,.bin,application/octet-stream,512000,500.0,other,7.9997,synthetic_500kb.bin.enc,512134,500.131,7.9997,0.0262,1.8686,1.3277,3.1963,6.667,0.0,272350.96,376689.66,4.9375,5.0,560,True,7.9997,7.9993,7.9993,7.9997,50.014,1024389,2048224,0.014,41.9007,224.6671
op_20260503_154220_9589,2026-05-03T15:42:20Z,batch_20260503_154211_3cb1,2,both,hybrid,256,ECDSA,P-256,synthetic_500kb.bin,.bin,application/octet-stream,512000,500.0,other,7.9997,synthetic_500kb.bin.enc,512136,500.133,7.9997,0.0266,1.9332,1.4211,3.3543,0.0,0.0,263932.3,351933.58,4.9375,5.0,576,True,7.9997,7.9993,7.9993,7.9997,49.974,1023574,2048224,0.026,43.642,243.7271
op_20260503_154220_a376,2026-05-03T15:42:20Z,batch_20260503_154211_3cb1,3,both,hybrid,256,ECDSA,P-256,synthetic_500kb.bin,.bin,application/octet-stream,512000,500.0,other,7.9997,synthetic_500kb.bin.enc,512136,500.133,7.9997,0.0266,1.3796,1.1659,2.5455,0.0,0.0,363898.62,428967.15,4.9375,5.0,576,True,7.9997,7.9993,7.9993,7.9997,49.963,1023346,2048224,0.037,43.8613,246.1825
op_20260503_154220_64b6,2026-05-03T15:42:20Z,batch_20260503_154211_3cb1,1,both,aes_gcm,256,,,synthetic_1024kb.bin,.bin,application/octet-stream,1048576,1024.0,other,7.9998,synthetic_1024kb.bin.enc,1048604,1024.027,7.9998,0.0027,1.568,0.8855,2.4535,1372.0,1028.0,661574.78,1156439.7,4.9375,5.0,0,True,7.9998,7.9996,7.9997,7.9998,49.995,4194035,8388832,0.005,63.9675,255.7336
op_20260503_154221_6340,2026-05-03T15:42:21Z,batch_20260503_154211_3cb1,2,both,aes_gcm,256,,,synthetic_1024kb.bin,.bin,application/octet-stream,1048576,1024.0,other,7.9998,synthetic_1024kb.bin.enc,1048604,1024.027,7.9998,0.0027,0.824,0.3913,1.2153,0.0,0.0,1281717.95,2616987.38,4.9375,5.0,0,True,7.9998,7.9996,7.9997,7.9998,50.034,4197234,8388832,0.034,59.5302,221.4841
op_20260503_154221_947c,2026-05-03T15:42:21Z,batch_20260503_154211_3cb1,3,both,aes_gcm,256,,,synthetic_1024kb.bin,.bin,application/octet-stream,1048576,1024.0,other,7.9998,synthetic_1024kb.bin.enc,1048604,1024.027,7.9998,0.0027,0.7941,0.3933,1.1874,342.667,0.0,1310257.68,2603679.44,4.9375,5.0,0,True,7.9998,7.9996,7.9997,7.9998,50.02,4196086,8388832,0.02,64.6497,261.2174
op_20260503_154222_2746,2026-05-03T15:42:22Z,batch_20260503_154211_3cb1,1,both,aes_gcm,256,RSA,2048,synthetic_1024kb.bin,.bin,application/octet-stream,1048576,1024.0,other,7.9998,synthetic_1024kb.bin.enc,1048604,1024.027,7.9998,0.0027,0.9305,0.4325,1.363,344.0,0.0,1118996.19,2367693.1,4.9375,5.0,0,True,7.9998,7.9996,7.9997,7.9998,49.983,4192957,8388832,0.017,63.6614,253.2918
op_20260503_154222_b4b2,2026-05-03T15:42:22Z,batch_20260503_154211_3cb1,2,both,aes_gcm,256,RSA,2048,synthetic_1024kb.bin,.bin,application/octet-stream,1048576,1024.0,other,7.9998,synthetic_1024kb.bin.enc,1048604,1024.027,7.9998,0.0027,1.0497,0.4038,1.4535,0.0,0.0,1000824.87,2535977.01,4.9375,5.0,0,True,7.9998,7.9996,7.9997,7.9998,50.018,4195890,8388832,0.018,59.8888,224.1607
op_20260503_154222_e514,2026-05-03T15:42:22Z,batch_20260503_154211_3cb1,3,both,aes_gcm,256,RSA,2048,synthetic_1024kb.bin,.bin,application/octet-stream,1048576,1024.0,other,7.9998,synthetic_1024kb.bin.enc,1048604,1024.027,7.9998,0.0027,1.1397,0.3833,1.523,348.0,0.0,904671.97,2671608.75,4.9375,5.0,0,True,7.9998,7.9996,7.9997,7.9998,49.997,4194134,8388832,0.003,65.1925,265.6216
op_20260503_154223_09ed,2026-05-03T15:42:23Z,batch_20260503_154211_3cb1,1,both,aes_gcm,256,ECDSA,P-256,synthetic_1024kb.bin,.bin,application/octet-stream,1048576,1024.0,other,7.9998,synthetic_1024kb.bin.enc,1048604,1024.027,7.9998,0.0027,0.8096,0.3948,1.2044,0.0,0.0,1272571.94,2593787.73,4.9375,5.0,0,True,7.9998,7.9996,7.9997,7.9998,50.015,4195674,8388832,0.015,64.2382,257.9025
op_20260503_154223_9854,2026-05-03T15:42:23Z,batch_20260503_154211_3cb1,2,both,aes_gcm,256,ECDSA,P-256,synthetic_1024kb.bin,.bin,application/octet-stream,1048576,1024.0,other,7.9998,synthetic_1024kb.bin.enc,1048604,1024.027,7.9998,0.0027,0.8915,0.384,1.2755,0.0,0.0,1187762.59,2666737.78,4.9375,5.0,0,True,7.9998,7.9996,7.9997,7.9998,49.987,4193326,8388832,0.013,66.9062,279.7696
op_20260503_154223_dcbf,2026-05-03T15:42:23Z,batch_20260503_154211_3cb1,3,both,aes_gcm,256,ECDSA,P-256,synthetic_1024kb.bin,.bin,application/octet-stream,1048576,1024.0,other,7.9998,synthetic_1024kb.bin.enc,1048604,1024.027,7.9998,0.0027,0.8714,0.3772,1.2486,344.0,0.0,1192208.16,2714812.12,4.9375,5.0,0,True,7.9998,7.9996,7.9997,7.9998,50.026,4196610,8388832,0.026,67.4172,284.06
op_20260503_154224_20ea,2026-05-03T15:42:24Z,batch_20260503_154211_3cb1,1,both,chacha20_poly1305,256,,,synthetic_1024kb.bin,.bin,application/octet-stream,1048576,1024.0,other,7.9998,synthetic_1024kb.bin.enc,1048604,1024.027,7.9998,0.0027,1.0056,0.6184,1.624,0.0,4.0,1021434.37,1655930.55,4.9375,5.0,0,True,7.9998,7.9996,7.9997,7.9998,49.993,4193808,8388832,0.007,64.5314,260.2618
op_20260503_154224_dfeb,2026-05-03T15:42:24Z,batch_20260503_154211_3cb1,2,both,chacha20_poly1305,256,,,synthetic_1024kb.bin,.bin,application/octet-stream,1048576,1024.0,other,7.9998,synthetic_1024kb.bin.enc,1048604,1024.027,7.9998,0.0027,1.148,0.8262,1.9742,0.0,0.0,898684.17,1239442.43,4.9375,5.0,0,True,7.9998,7.9996,7.9997,7.9998,49.995,4194022,8388832,0.005,66.4495,275.9636
op_20260503_154225_3afb,2026-05-03T15:42:25Z,batch_20260503_154211_3cb1,3,both,chacha20_poly1305,256,,,synthetic_1024kb.bin,.bin,application/octet-stream,1048576,1024.0,other,7.9998,synthetic_1024kb.bin.enc,1048604,1024.027,7.9998,0.0027,1.2542,0.6386,1.8928,344.0,0.0,845953.99,1603550.56,4.9375,5.0,0,True,7.9998,7.9996,7.9997,7.9998,50.005,4194802,8388832,0.005,63.5141,252.1209
op_20260503_154225_2d1c,2026-05-03T15:42:25Z,batch_20260503_154211_3cb1,1,both,chacha20_poly1305,256,RSA,2048,synthetic_1024kb.bin,.bin,application/octet-stream,1048576,1024.0,other,7.9998,synthetic_1024kb.bin.enc,1048604,1024.027,7.9998,0.0027,1.0651,0.5943,1.6594,0.0,0.0,964958.13,1723081.56,4.9375,5.0,0,True,7.9998,7.9996,7.9997,7.9998,50.029,4196829,8388832,0.029,61.3075,234.9066
op_20260503_154225_7979,2026-05-03T15:42:25Z,batch_20260503_154211_3cb1,2,both,chacha20_poly1305,256,RSA,2048,synthetic_1024kb.bin,.bin,application/octet-stream,1048576,1024.0,other,7.9998,synthetic_1024kb.bin.enc,1048604,1024.027,7.9998,0.0027,1.062,0.6325,1.6945,0.0,0.0,965154.62,1619015.75,4.9375,5.0,0,True,7.9998,7.9996,7.9997,7.9998,49.977,4192492,8388832,0.023,60.6142,229.624
op_20260503_154226_c145,2026-05-03T15:42:26Z,batch_20260503_154211_3cb1,3,both,chacha20_poly1305,256,RSA,2048,synthetic_1024kb.bin,.bin,application/octet-stream,1048576,1024.0,other,7.9998,synthetic_1024kb.bin.enc,1048604,1024.027,7.9998,0.0027,1.0558,0.582,1.6378,344.0,0.0,976117.66,1759497.13,4.9375,5.0,0,True,7.9998,7.9996,7.9997,7.9998,49.985,4193165,8388832,0.015,63.4416,251.5458
op_20260503_154226_347f,2026-05-03T15:42:26Z,batch_20260503_154211_3cb1,1,both,chacha20_poly1305,256,ECDSA,P-256,synthetic_1024kb.bin,.bin,application/octet-stream,1048576,1024.0,other,7.9998,synthetic_1024kb.bin.enc,1048604,1024.027,7.9998,0.0027,1.0471,0.6168,1.6639,0.0,0.0,978711.9,1660225.81,4.9375,5.0,0,True,7.9998,7.9996,7.9997,7.9998,49.997,4194186,8388832,0.003,65.3411,266.8344
op_20260503_154226_9c75,2026-05-03T15:42:26Z,batch_20260503_154211_3cb1,2,both,chacha20_poly1305,256,ECDSA,P-256,synthetic_1024kb.bin,.bin,application/octet-stream,1048576,1024.0,other,7.9998,synthetic_1024kb.bin.enc,1048604,1024.027,7.9998,0.0027,1.0251,0.5941,1.6192,0.0,0.0,1007165.06,1723661.63,4.9375,5.0,0,True,7.9998,7.9996,7.9997,7.9998,50.011,4195307,8388832,0.011,61.7042,237.9568
op_20260503_154227_506d,2026-05-03T15:42:27Z,batch_20260503_154211_3cb1,3,both,chacha20_poly1305,256,ECDSA,P-256,synthetic_1024kb.bin,.bin,application/octet-stream,1048576,1024.0,other,7.9998,synthetic_1024kb.bin.enc,1048604,1024.027,7.9998,0.0027,1.0892,0.7661,1.8553,344.0,0.0,946848.3,1336675.8,4.9375,5.0,0,True,7.9998,7.9996,7.9997,7.9998,50.008,4195068,8388832,0.008,66.9681,280.2882
op_20260503_154227_b8da,2026-05-03T15:42:27Z,batch_20260503_154211_3cb1,1,both,hybrid,256,,,synthetic_1024kb.bin,.bin,application/octet-stream,1048576,1024.0,other,7.9998,synthetic_1024kb.bin.enc,1048640,1024.062,7.9998,0.0061,1.5727,0.6168,2.1895,85.333,60.0,652859.07,1660282.8,4.9375,5.0,0,True,7.9998,7.9996,7.9997,7.9998,49.996,2097112,4194528,0.004,61.6619,237.6227
op_20260503_154227_d97d,2026-05-03T15:42:27Z,batch_20260503_154211_3cb1,2,both,hybrid,256,,,synthetic_1024kb.bin,.bin,application/octet-stream,1048576,1024.0,other,7.9998,synthetic_1024kb.bin.enc,1048640,1024.062,7.9998,0.0061,1.6472,1.6043,3.2515,145.333,0.0,638545.99,638323.57,4.9375,5.0,0,True,7.9998,7.9996,7.9997,7.9998,49.987,2096720,4194528,0.013,61.3329,235.0931
op_20260503_154228_5524,2026-05-03T15:42:28Z,batch_20260503_154211_3cb1,3,both,hybrid,256,,,synthetic_1024kb.bin,.bin,application/octet-stream,1048576,1024.0,other,7.9998,synthetic_1024kb.bin.enc,1048640,1024.062,7.9998,0.0061,2.099,0.661,2.76,860.0,60.0,517534.79,1549262.42,4.9375,5.0,0,True,7.9998,7.9996,7.9997,7.9998,50.034,2098673,4194528,0.034,65.8061,270.6363
op_20260503_154228_a368,2026-05-03T15:42:28Z,batch_20260503_154211_3cb1,1,both,hybrid,256,RSA,2048,synthetic_1024kb.bin,.bin,application/octet-stream,1048576,1024.0,other,7.9998,synthetic_1024kb.bin.enc,1048896,1024.312,7.9998,0.0305,43.8668,2.3561,46.2229,229.333,120.0,23347.85,434749.18,4.9375,5.0,2048,True,7.9998,7.9996,7.9997,7.9998,50.032,2098622,4194528,0.032,63.6519,253.1459
op_20260503_154228_0102,2026-05-03T15:42:28Z,batch_20260503_154211_3cb1,2,both,hybrid,256,RSA,2048,synthetic_1024kb.bin,.bin,application/octet-stream,1048576,1024.0,other,7.9998,synthetic_1024kb.bin.enc,1048896,1024.312,7.9998,0.0305,43.5139,2.8306,46.3445,373.333,1100.0,23532.78,361871.16,4.9375,5.0,2048,True,7.9998,7.9996,7.9997,7.9998,49.952,2095234,4194528,0.048,63.0223,248.1625
op_20260503_154229_a43d,2026-05-03T15:42:29Z,batch_20260503_154211_3cb1,3,both,hybrid,256,RSA,2048,synthetic_1024kb.bin,.bin,application/octet-stream,1048576,1024.0,other,7.9998,synthetic_1024kb.bin.enc,1048896,1024.312,7.9999,0.0305,42.6478,1.8715,44.5193,825.333,64.0,24020.5,547321.65,4.9375,5.0,2048,True,7.9998,7.9996,7.9997,7.9999,50.054,2099513,4194528,0.054,58.0652,210.6589
op_20260503_154229_9e33,2026-05-03T15:42:29Z,batch_20260503_154211_3cb1,1,both,hybrid,256,ECDSA,P-256,synthetic_1024kb.bin,.bin,application/octet-stream,1048576,1024.0,other,7.9998,synthetic_1024kb.bin.enc,1048711,1024.132,7.9998,0.0129,2.2824,1.5531,3.8355,4.0,0.0,451628.29,659411.41,4.9375,5.0,568,True,7.9998,7.9996,7.9997,7.9998,50.003,2097388,4194528,0.003,67.5004,284.7323
op_20260503_154229_e1a1,2026-05-03T15:42:29Z,batch_20260503_154211_3cb1,2,both,hybrid,256,ECDSA,P-256,synthetic_1024kb.bin,.bin,application/octet-stream,1048576,1024.0,other,7.9998,synthetic_1024kb.bin.enc,1048711,1024.132,7.9998,0.0129,2.6176,2.2796,4.8972,886.667,60.0,397177.6,449259.44,4.9375,5.0,568,True,7.9998,7.9996,7.9997,7.9998,49.996,2097100,4194528,0.004,59.0958,218.2414
op_20260503_154230_7121,2026-05-03T15:42:30Z,batch_20260503_154211_3cb1,3,both,hybrid,256,ECDSA,P-256,synthetic_1024kb.bin,.bin,application/octet-stream,1048576,1024.0,other,7.9998,synthetic_1024kb.bin.enc,1048712,1024.133,7.9998,0.013,2.5855,1.6522,4.2377,4.0,0.0,396595.53,619860.07,4.9375,5.0,576,True,7.9998,7.9996,7.9997,7.9998,49.971,2096042,4194528,0.029,62.9092,247.3155
op_20260620_075846_e9a4,2026-06-20T07:58:46Z,,1,both,chacha20_poly1305,256,RSA,2048,inline.txt,.txt,text/plain,17,0.017,text,3.2928,inline.txt.enc,45,0.044,5.1195,164.7059,4.9744,0.0798,5.0542,132.0,4.0,3.34,550.69,4.9375,5.0,0,True,3.2928,2.4056,2.7255,5.1195,48.611,175,360,1.389,0.4639,0.0
op_20260620_080133_7518,2026-06-20T08:01:33Z,batch_20260620_080133_62ac,1,both,aes_gcm,128,,,inline.txt,.txt,text/plain,18,0.018,text,3.086,inline.txt.enc,46,0.045,5.3062,155.5556,0.0543,0.4098,0.4641,0.0,8.0,323.72,109.62,3.875,4.8125,0,True,3.086,2.4194,2.1133,5.3062,48.641,179,368,1.359,0.4318,0.0
op_20260620_080133_fecb,2026-06-20T08:01:33Z,batch_20260620_080133_62ac,2,both,aes_gcm,128,RSA,2048,inline.txt,.txt,text/plain,18,0.018,text,3.086,inline.txt.enc,46,0.045,5.2627,155.5556,0.0558,0.0286,0.0844,0.0,0.0,315.02,1570.7,3.875,4.8125,0,True,3.086,2.4194,2.1133,5.2627,47.826,176,368,2.174,0.4408,0.0
op_20260620_080133_446d,2026-06-20T08:01:33Z,batch_20260620_080133_62ac,3,both,aes_gcm,128,ECDSA,P-256,inline.txt,.txt,text/plain,18,0.018,text,3.086,inline.txt.enc,46,0.045,5.2192,155.5556,0.0521,0.017,0.0691,0.0,0.0,337.39,2642.47,3.875,4.8125,0,True,3.086,2.4194,2.1133,5.2192,51.63,190,368,1.63,0.4495,0.0
op_20260620_080133_c2b3,2026-06-20T08:01:33Z,batch_20260620_080133_62ac,4,both,aes_gcm,192,,,inline.txt,.txt,text/plain,18,0.018,text,3.086,inline.txt.enc,46,0.045,5.3062,155.5556,0.0517,0.0104,0.0621,0.0,0.0,340.0,4319.43,4.4183,4.8125,0,True,3.086,2.4194,2.1133,5.3062,50.272,185,368,0.272,0.4318,0.0
op_20260620_080133_9835,2026-06-20T08:01:33Z,batch_20260620_080133_62ac,5,both,aes_gcm,192,RSA,2048,inline.txt,.txt,text/plain,18,0.018,text,3.086,inline.txt.enc,46,0.045,5.4366,155.5556,0.0485,0.0137,0.0622,0.0,0.0,362.44,3278.96,4.4183,4.8125,0,True,3.086,2.4194,2.1133,5.4366,55.163,203,368,5.163,0.4038,0.0
op_20260620_080133_de12,2026-06-20T08:01:33Z,batch_20260620_080133_62ac,6,both,aes_gcm,192,ECDSA,P-256,inline.txt,.txt,text/plain,18,0.018,text,3.086,inline.txt.enc,46,0.045,5.3931,155.5556,1.0621,0.0547,1.1168,16.0,0.0,16.55,821.24,4.4183,4.8125,0,True,3.086,2.4194,2.1133,5.3931,57.065,210,368,7.065,0.4133,0.0
op_20260620_080133_be68,2026-06-20T08:01:33Z,batch_20260620_080133_62ac,7,both,aes_gcm,256,,,inline.txt,.txt,text/plain,18,0.018,text,3.086,inline.txt.enc,46,0.045,5.2898,155.5556,0.0497,0.0092,0.0589,0.0,0.0,353.68,4882.84,4.9375,4.8125,0,True,3.086,2.4194,2.1133,5.2898,49.457,182,368,0.543,0.4408,0.0
op_20260620_080133_99f1,2026-06-20T08:01:33Z,batch_20260620_080133_62ac,8,both,aes_gcm,256,RSA,2048,inline.txt,.txt,text/plain,18,0.018,text,3.086,inline.txt.enc,46,0.045,5.3332,155.5556,0.0646,0.0117,0.0763,0.0,0.0,272.11,3839.49,4.9375,4.8125,0,True,3.086,2.4194,2.1133,5.3332,50.815,187,368,0.815,0.4318,0.0
op_20260620_080133_765a,2026-06-20T08:01:33Z,batch_20260620_080133_62ac,9,both,aes_gcm,256,ECDSA,P-256,inline.txt,.txt,text/plain,18,0.018,text,3.086,inline.txt.enc,46,0.045,5.4801,155.5556,0.0555,0.0174,0.0729,0.0,0.0,316.72,2581.71,4.9375,4.8125,0,True,3.086,2.4194,2.1133,5.4801,45.38,167,368,4.62,0.394,0.0
op_20260620_080133_d10f,2026-06-20T08:01:33Z,batch_20260620_080133_62ac,10,both,chacha20_poly1305,256,,,inline.txt,.txt,text/plain,18,0.018,text,3.086,inline.txt.enc,46,0.045,5.3062,155.5556,0.1867,0.0959,0.2826,0.0,0.0,94.15,468.42,4.9375,4.8125,0,True,3.086,2.4194,2.1133,5.3062,53.804,198,368,3.804,0.4318,0.0
op_20260620_080133_e9af,2026-06-20T08:01:33Z,batch_20260620_080133_62ac,11,both,chacha20_poly1305,256,RSA,2048,inline.txt,.txt,text/plain,18,0.018,text,3.086,inline.txt.enc,46,0.045,5.3931,155.5556,0.0443,0.0113,0.0556,0.0,0.0,396.8,3975.4,4.9375,4.8125,0,True,3.086,2.4194,2.1133,5.3931,47.554,175,368,2.446,0.4133,0.0
op_20260620_080133_d7cf,2026-06-20T08:01:33Z,batch_20260620_080133_62ac,12,both,chacha20_poly1305,256,ECDSA,P-256,inline.txt,.txt,text/plain,18,0.018,text,3.086,inline.txt.enc,46,0.045,5.4366,155.5556,0.0597,0.0164,0.0761,0.0,0.0,294.44,2739.14,4.9375,4.8125,0,True,3.086,2.4194,2.1133,5.4366,53.533,197,368,3.533,0.4038,0.0
op_20260620_080133_632d,2026-06-20T08:01:33Z,batch_20260620_080133_62ac,13,both,hybrid,128,,,inline.txt,.txt,text/plain,18,0.018,text,3.086,inline.txt.enc,82,0.08,5.8068,355.5556,0.1189,0.0292,0.1481,0.0,0.0,147.84,2742.4,3.875,4.8125,0,True,3.086,2.4194,2.1133,5.8068,45.27,134,296,4.73,0.7008,0.0
op_20260620_080133_9639,2026-06-20T08:01:33Z,batch_20260620_080133_62ac,14,both,hybrid,128,RSA,2048,inline.txt,.txt,text/plain,18,0.018,text,3.086,inline.txt.enc,338,0.33,7.3907,1777.7778,70.0243,0.79,70.8143,716.0,32.0,0.25,417.82,3.875,4.8125,2048,True,3.086,2.4194,2.1133,7.3907,47.297,140,296,2.703,1.1688,264.8876
op_20260620_080133_f187,2026-06-20T08:01:33Z,batch_20260620_080133_62ac,15,both,hybrid,128,ECDSA,P-256,inline.txt,.txt,text/plain,18,0.018,text,3.086,inline.txt.enc,153,0.149,6.7351,750.0,83.7033,0.5461,84.2494,648.0,12.0,0.21,273.6,3.875,4.8125,568,True,3.086,2.4194,2.1133,6.7351,50.676,150,296,0.676,0.809,0.0
op_20260620_080133_236b,2026-06-20T08:01:33Z,batch_20260620_080133_62ac,16,both,hybrid,192,,,inline.txt,.txt,text/plain,18,0.018,text,3.086,inline.txt.enc,82,0.08,5.9531,355.5556,0.1014,0.0301,0.1315,0.0,0.0,173.35,2660.4,4.4183,4.8125,0,True,3.086,2.4194,2.1133,5.9531,46.959,139,296,3.041,0.6665,0.0
op_20260620_080133_11ed,2026-06-20T08:01:33Z,batch_20260620_080133_62ac,17,both,hybrid,192,RSA,2048,inline.txt,.txt,text/plain,18,0.018,text,3.086,inline.txt.enc,338,0.33,7.3758,1777.7778,43.7254,0.2368,43.9622,8.0,0.0,0.4,1393.91,4.4183,4.8125,2048,True,3.086,2.4194,2.1133,7.3758,47.635,141,296,2.365,1.1755,267.9172
op_20260620_080133_d116,2026-06-20T08:01:33Z,batch_20260620_080133_62ac,18,both,hybrid,192,ECDSA,P-256,inline.txt,.txt,text/plain,18,0.018,text,3.086,inline.txt.enc,152,0.148,6.709,744.4444,0.3082,0.1897,0.4979,0.0,0.0,57.03,782.49,4.4183,4.8125,560,True,3.086,2.4194,2.1133,6.709,55.743,165,296,5.743,0.8143,0.0
op_20260620_080133_6946,2026-06-20T08:01:33Z,batch_20260620_080133_62ac,19,both,hybrid,256,,,inline.txt,.txt,text/plain,18,0.018,text,3.086,inline.txt.enc,82,0.08,5.9429,355.5556,0.0663,0.0218,0.0881,0.0,0.0,265.13,3673.3,4.9375,4.8125,0,True,3.086,2.4194,2.1133,5.9429,50.338,149,296,0.338,0.6896,0.0
op_20260620_080133_353c,2026-06-20T08:01:33Z,batch_20260620_080133_62ac,20,both,hybrid,256,RSA,2048,inline.txt,.txt,text/plain,18,0.018,text,3.086,inline.txt.enc,338,0.33,7.3376,1777.7778,43.2593,0.4245,43.6838,4.0,0.0,0.41,777.57,4.9375,4.8125,2048,True,3.086,2.4194,2.1133,7.3376,51.014,151,296,1.014,1.1588,260.3432
op_20260620_080133_5a33,2026-06-20T08:01:33Z,batch_20260620_080133_62ac,21,both,hybrid,256,ECDSA,P-256,inline.txt,.txt,text/plain,18,0.018,text,3.086,inline.txt.enc,153,0.149,6.7121,750.0,0.3888,0.204,0.5928,0.0,0.0,45.21,732.42,4.9375,4.8125,568,True,3.086,2.4194,2.1133,6.7121,44.932,133,296,5.068,0.8234,0.0
op_20260620_080323_7b85,2026-06-20T08:03:23Z,,1,encrypt,aes_gcm,256,,,inline.txt,.txt,text/plain,18,0.018,text,2.3355,inline.txt.enc,46,0.045,5.2192,155.5556,0.0548,0.0,0.0548,0.0,0.0,320.77,0.0,4.9375,5.0,0,True,2.3355,2.1972,1.8911,5.2192,44.022,162,368,5.978,0.4495,0.0
op_20260620_080401_f130,2026-06-20T08:04:01Z,,1,decrypt,aes_gcm,256,,,inline.txt.enc,.enc,application/octet-stream,46,0.045,other,5.2192,inline.txt.enc,74,0.072,5.9392,60.8696,1.3476,0.0242,1.3718,16.0,0.0,33.33,2986.18,4.9375,5.0,0,True,5.2192,4.5236,4.4366,5.9392,47.297,280,592,2.703,0.5326,0.0
op_20260620_080424_ba06,2026-06-20T08:04:24Z,,1,decrypt,aes_gcm,256,,,inline.txt.enc,.enc,application/octet-stream,46,0.045,other,5.2192,inline.txt.enc,74,0.072,6.0203,60.8696,0.0439,0.0095,0.0534,0.0,0.0,1023.28,7606.9,4.9375,5.0,0,True,5.2192,4.5236,4.4366,6.0203,48.142,285,592,1.858,0.5101,0.0
